"brand","date","sample_revenue"
"Oil brand","2020-01-01",1107.8101806916857
"Oil brand","2020-01-02",1099.997930127575
"Oil brand","2020-01-03",1109.4302568710336
"Oil brand","2020-01-04",1103.6695721039985
"Oil brand","2020-01-05",1105.4451767286494
"Oil brand","2020-01-06",1094.4593293855032
"Oil brand","2020-01-07",1086.1449612392316
"Oil brand","2020-01-08",1084.6376239654887
"Oil brand","2020-01-09",1089.8004660566894
"Oil brand","2020-01-10",1090.4909734929818
"Oil brand","2020-01-11",1077.7754900642913
"Oil brand","2020-01-12",1070.1040748653008
"Oil brand","2020-01-13",1075.3532402180049
"Oil brand","2020-01-14",1079.1939476034017
"Oil brand","2020-01-15",1079.7021966316954
"Oil brand","2020-01-16",1074.8940155575374
"Oil brand","2020-01-17",1076.160166306149
"Oil brand","2020-01-18",1077.535490728926
"Oil brand","2020-01-19",1074.802928713816
"Oil brand","2020-01-20",1079.4625288237457
"Oil brand","2020-01-21",1080.711540796277
"Oil brand","2020-01-22",1078.4919831710752
"Oil brand","2020-01-23",1088.4350462266577
"Oil brand","2020-01-24",1093.9944896615727
"Oil brand","2020-01-25",1086.8366525289073
"Oil brand","2020-01-26",1084.9578445113868
"Oil brand","2020-01-27",1081.0276620268799
"Oil brand","2020-01-28",1078.8397842591505
"Oil brand","2020-01-29",1076.7164291997676
"Oil brand","2020-01-30",1084.806148125223
"Oil brand","2020-01-31",1085.646945090139
"Oil brand","2020-02-01",1083.833212931155
"Oil brand","2020-02-02",1076.9200627575776
"Oil brand","2020-02-03",1082.9339507284715
"Oil brand","2020-02-04",1074.8574958240488
"Oil brand","2020-02-05",1073.5241018079678
"Oil brand","2020-02-06",1073.4844621779948
"Oil brand","2020-02-07",1069.3470532221925
"Oil brand","2020-02-08",1070.0042685685173
"Oil brand","2020-02-09",1064.4830471845294
"Oil brand","2020-02-10",1063.2927714317857
"Oil brand","2020-02-11",1066.567860134326
"Oil brand","2020-02-12",1075.4069924343141
"Oil brand","2020-02-13",1086.7517180381137
"Oil brand","2020-02-14",1089.7567482037289
"Oil brand","2020-02-15",1090.7210285990766
"Oil brand","2020-02-16",1086.1231092963621
"Oil brand","2020-02-17",1082.0850148609493
"Oil brand","2020-02-18",1085.99181293668
"Oil brand","2020-02-19",1086.5445521063168
"Oil brand","2020-02-20",1104.6779463182231
"Oil brand","2020-02-21",1101.8926167634145
"Oil brand","2020-02-22",1104.1733880363765
"Oil brand","2020-02-23",1102.0055668376858
"Oil brand","2020-02-24",1089.4608379553088
"Oil brand","2020-02-25",1099.7954305900887
"Oil brand","2020-02-26",1098.5627052231941
"Oil brand","2020-02-27",1103.7232238736137
"Oil brand","2020-02-28",1116.1256062045845
"Oil brand","2020-02-29",1119.4944972180167
"Oil brand","2020-03-01",1125.562581021706
"Oil brand","2020-03-02",1114.593612489127
"Oil brand","2020-03-03",1109.6782080364887
"Oil brand","2020-03-04",1111.8848320092159
"Oil brand","2020-03-05",1118.2905029456144
"Oil brand","2020-03-06",1126.5069275343906
"Oil brand","2020-03-07",1134.1653093176305
"Oil brand","2020-03-08",1130.36683197506
"Oil brand","2020-03-09",1138.262171032612
"Oil brand","2020-03-10",1134.2371468914146
"Oil brand","2020-03-11",1129.8002088978576
"Oil brand","2020-03-12",1130.0733483380282
"Oil brand","2020-03-13",1133.4020354438958
"Oil brand","2020-03-14",1132.7021908109343
"Oil brand","2020-03-15",1141.0032392883713
"Oil brand","2020-03-16",1137.6321824799836
"Oil brand","2020-03-17",1133.514690602195
"Oil brand","2020-03-18",1139.8502817219455
"Oil brand","2020-03-19",1136.8413267774656
"Oil brand","2020-03-20",1139.7348252366428
"Oil brand","2020-03-21",1139.1572001815916
"Oil brand","2020-03-22",1139.593746111988
"Oil brand","2020-03-23",1138.3514861320668
"Oil brand","2020-03-24",1149.6533760251866
"Oil brand","2020-03-25",1148.7864960762054
"Oil brand","2020-03-26",1158.584938161041
"Oil brand","2020-03-27",1163.4833056775217
"Oil brand","2020-03-28",1160.5821017893072
"Oil brand","2020-03-29",1156.318691753535
"Oil brand","2020-03-30",1157.1639321114649
"Oil brand","2020-03-31",1167.6906606411217
"Oil brand","2020-04-01",1166.8304106460823
"Oil brand","2020-04-02",1166.1634531874865
"Oil brand","2020-04-03",1158.1198324314903
"Oil brand","2020-04-04",1158.7123526253847
"Oil brand","2020-04-05",1149.5338900650368
"Oil brand","2020-04-06",1142.0702366132332
"Oil brand","2020-04-07",1142.8130071015933
"Oil brand","2020-04-08",1137.849754489271
"Oil brand","2020-04-09",1136.7603789999828
"Oil brand","2020-04-10",1131.3905033552123
"Oil brand","2020-04-11",1131.824412422926
"Oil brand","2020-04-12",1126.3883868120822
"Oil brand","2020-04-13",1122.1870726115305
"Oil brand","2020-04-14",1120.9236677477427
"Oil brand","2020-04-15",1120.2018771170494
"Oil brand","2020-04-16",1109.5096957626124
"Oil brand","2020-04-17",1119.1711094898344
"Oil brand","2020-04-18",1126.1882563200043
"Oil brand","2020-04-19",1123.6358952251128
"Oil brand","2020-04-20",1129.9367619170644
"Oil brand","2020-04-21",1124.4181555279292
"Oil brand","2020-04-22",1117.4113067247329
"Oil brand","2020-04-23",1129.0053606176693
"Oil brand","2020-04-24",1126.6860323502135
"Oil brand","2020-04-25",1136.125970442895
"Oil brand","2020-04-26",1125.076204039852
"Oil brand","2020-04-27",1119.528342268895
"Oil brand","2020-04-28",1117.4324232052338
"Oil brand","2020-04-29",1118.3215038451642
"Oil brand","2020-04-30",1113.553903160552
"Oil brand","2020-05-01",1115.9501618815698
"Oil brand","2020-05-02",1110.7787095822323
"Oil brand","2020-05-03",1103.04484355184
"Oil brand","2020-05-04",1101.3781660931854
"Oil brand","2020-05-05",1100.6325008402832
"Oil brand","2020-05-06",1099.5325108063435
"Oil brand","2020-05-07",1098.394834876504
"Oil brand","2020-05-08",1097.7128223375696
"Oil brand","2020-05-09",1101.298150772606
"Oil brand","2020-05-10",1096.0861936976833
"Oil brand","2020-05-11",1092.6419202815064
"Oil brand","2020-05-12",1097.0455835601604
"Oil brand","2020-05-13",1104.438542803831
"Oil brand","2020-05-14",1103.187490857475
"Oil brand","2020-05-15",1112.541823845813
"Oil brand","2020-05-16",1107.1215356766418
"Oil brand","2020-05-17",1107.873921839802
"Oil brand","2020-05-18",1108.3313463525453
"Oil brand","2020-05-19",1101.8304872014512
"Oil brand","2020-05-20",1095.8333331337365
"Oil brand","2020-05-21",1095.4737028298548
"Oil brand","2020-05-22",1091.5688009329265
"Oil brand","2020-05-23",1095.7075803429555
"Oil brand","2020-05-24",1093.5026456513403
"Oil brand","2020-05-25",1087.947809590029
"Oil brand","2020-05-26",1088.957313960288
"Oil brand","2020-05-27",1093.3384993699674
"Oil brand","2020-05-28",1095.8500098064658
"Oil brand","2020-05-29",1102.295033357177
"Oil brand","2020-05-30",1109.3973638717218
"Oil brand","2020-05-31",1104.4357918221792
"Oil brand","2020-06-01",1114.6814217373296
"Oil brand","2020-06-02",1115.9326381838328
"Oil brand","2020-06-03",1119.1639389799154
"Oil brand","2020-06-04",1114.199072117659
"Oil brand","2020-06-05",1124.0418533628879
"Oil brand","2020-06-06",1121.265771458132
"Oil brand","2020-06-07",1118.2083915331818
"Oil brand","2020-06-08",1126.9055769792578
"Oil brand","2020-06-09",1122.2426711005544
"Oil brand","2020-06-10",1119.4869141858737
"Oil brand","2020-06-11",1119.530836065184
"Oil brand","2020-06-12",1117.3707509613682
"Oil brand","2020-06-13",1114.7634858721535
"Oil brand","2020-06-14",1121.8564025159374
"Oil brand","2020-06-15",1119.7157991173367
"Oil brand","2020-06-16",1120.5780698913884
"Oil brand","2020-06-17",1117.124029994761
"Oil brand","2020-06-18",1116.1250104557198
"Oil brand","2020-06-19",1119.6418653551518
"Oil brand","2020-06-20",1119.6499420771022
"Oil brand","2020-06-21",1117.9128682147993
"Oil brand","2020-06-22",1106.2275031977376
"Oil brand","2020-06-23",1106.5593550388287
"Oil brand","2020-06-24",1101.229197096488
"Oil brand","2020-06-25",1102.0331624114776
"Oil brand","2020-06-26",1108.1420468390081
"Oil brand","2020-06-27",1103.2861265989948
"Oil brand","2020-06-28",1095.8854556951935
"Oil brand","2020-06-29",1094.6997257456005
"Oil brand","2020-06-30",1097.2410221827088
"Oil brand","2020-07-01",1086.6971200980895
"Oil brand","2020-07-02",1082.0802061302636
"Oil brand","2020-07-03",1076.6059346382526
"Oil brand","2020-07-04",1078.071739685806
"Oil brand","2020-07-05",1077.6551664127949
"Oil brand","2020-07-06",1079.6203207772692
"Oil brand","2020-07-07",1083.1651351776147
"Oil brand","2020-07-08",1081.1909628328287
"Oil brand","2020-07-09",1085.300849403457
"Oil brand","2020-07-10",1082.36514451163
"Oil brand","2020-07-11",1074.9704728997003
"Oil brand","2020-07-12",1076.3386999318736
"Oil brand","2020-07-13",1073.4541249926708
"Oil brand","2020-07-14",1074.3551958653777
"Oil brand","2020-07-15",1082.6662579551844
"Oil brand","2020-07-16",1072.4528937824946
"Oil brand","2020-07-17",1074.5689787059105
"Oil brand","2020-07-18",1077.2130754814748
"Oil brand","2020-07-19",1075.7667246207561
"Oil brand","2020-07-20",1075.03384017283
"Oil brand","2020-07-21",1072.9267293712687
"Oil brand","2020-07-22",1070.4000410029937
"Oil brand","2020-07-23",1060.592134457081
"Oil brand","2020-07-24",1055.435386779407
"Oil brand","2020-07-25",1061.6186094238733
"Oil brand","2020-07-26",1067.9097084378905
"Oil brand","2020-07-27",1069.1714261075006
"Oil brand","2020-07-28",1070.161279510856
"Oil brand","2020-07-29",1058.338841495428
"Oil brand","2020-07-30",1055.8172148184053
"Oil brand","2020-07-31",1050.1008130485307
"Oil brand","2020-08-01",1050.8860193715725
"Oil brand","2020-08-02",1044.410838824411
"Oil brand","2020-08-03",1045.928427657231
"Oil brand","2020-08-04",1055.8555750954563
"Oil brand","2020-08-05",1051.99253574092
"Oil brand","2020-08-06",1050.2755721163453
"Oil brand","2020-08-07",1050.6213573187817
"Oil brand","2020-08-08",1052.9542399743514
"Oil brand","2020-08-09",1043.0891243736583
"Oil brand","2020-08-10",1041.8441515847837
"Oil brand","2020-08-11",1043.8491911423264
"Oil brand","2020-08-12",1042.163589446763
"Oil brand","2020-08-13",1042.206240299818
"Oil brand","2020-08-14",1049.3588340232802
"Oil brand","2020-08-15",1053.0871369360955
"Oil brand","2020-08-16",1047.850372484771
"Oil brand","2020-08-17",1052.4516181255626
"Oil brand","2020-08-18",1046.9212340645
"Oil brand","2020-08-19",1050.1673536548922
"Oil brand","2020-08-20",1055.504084388928
"Oil brand","2020-08-21",1056.0590255873137
"Oil brand","2020-08-22",1062.9920382734028
"Oil brand","2020-08-23",1062.7904973774782
"Oil brand","2020-08-24",1062.2438298677057
"Oil brand","2020-08-25",1063.2937656570437
"Oil brand","2020-08-26",1053.0378695242541
"Oil brand","2020-08-27",1066.227223968682
"Oil brand","2020-08-28",1064.7977963010737
"Oil brand","2020-08-29",1056.994775320543
"Oil brand","2020-08-30",1045.8583919123648
"Oil brand","2020-08-31",1044.7885215136619
"Oil brand","2020-09-01",1045.0767709524375
"Oil brand","2020-09-02",1043.8859795998426
"Oil brand","2020-09-03",1041.9549456855102
"Oil brand","2020-09-04",1043.0838156006046
"Oil brand","2020-09-05",1045.206515106725
"Oil brand","2020-09-06",1039.458045720919
"Oil brand","2020-09-07",1043.5588893459958
"Oil brand","2020-09-08",1042.0552362942549
"Oil brand","2020-09-09",1038.8447204948457
"Oil brand","2020-09-10",1042.6950395944843
"Oil brand","2020-09-11",1046.3331249873456
"Oil brand","2020-09-12",1041.0164715112235
"Oil brand","2020-09-13",1041.488178141489
"Oil brand","2020-09-14",1035.1181084740433
"Oil brand","2020-09-15",1030.066725365396
"Oil brand","2020-09-16",1036.3791346025796
"Oil brand","2020-09-17",1032.660960350984
"Oil brand","2020-09-18",1031.9135213949437
"Oil brand","2020-09-19",1025.6503811112548
"Oil brand","2020-09-20",1028.6290129301715
"Oil brand","2020-09-21",1020.8979058428458
"Oil brand","2020-09-22",1026.7634972806297
"Oil brand","2020-09-23",1024.2170190917054
"Oil brand","2020-09-24",1032.2901063171582
"Oil brand","2020-09-25",1036.3228547878787
"Oil brand","2020-09-26",1045.6612512921
"Oil brand","2020-09-27",1040.1396711152688
"Oil brand","2020-09-28",1036.482962955702
"Oil brand","2020-09-29",1042.7633502415263
"Oil brand","2020-09-30",1046.7668558565788
"Oil brand","2020-10-01",1060.283239469004
"Oil brand","2020-10-02",1062.0246193492644
"Oil brand","2020-10-03",1061.9110951213122
"Oil brand","2020-10-04",1058.9051442516939
"Oil brand","2020-10-05",1058.697932123336
"Oil brand","2020-10-06",1060.583894772388
"Oil brand","2020-10-07",1049.0459828504515
"Oil brand","2020-10-08",1056.506160107743
"Oil brand","2020-10-09",1055.7627393204996
"Oil brand","2020-10-10",1063.5844164542336
"Oil brand","2020-10-11",1064.348551833188
"Oil brand","2020-10-12",1070.204401200975
"Oil brand","2020-10-13",1074.9441514864798
"Oil brand","2020-10-14",1076.0519878471946
"Oil brand","2020-10-15",1082.7155607655202
"Oil brand","2020-10-16",1077.7469738086647
"Oil brand","2020-10-17",1077.5124255345104
"Oil brand","2020-10-18",1085.708075757814
"Oil brand","2020-10-19",1093.0192819920617
"Oil brand","2020-10-20",1093.0471351252436
"Oil brand","2020-10-21",1083.7604443313153
"Oil brand","2020-10-22",1086.3449879671132
"Oil brand","2020-10-23",1076.5229713544322
"Oil brand","2020-10-24",1076.208361143482
"Oil brand","2020-10-25",1080.147321204186
"Oil brand","2020-10-26",1073.5903526054854
"Oil brand","2020-10-27",1073.3458965056398
"Oil brand","2020-10-28",1079.4615920030772
"Oil brand","2020-10-29",1074.4207262971106
"Oil brand","2020-10-30",1080.7778701530838
"Oil brand","2020-10-31",1072.9218680581062
"Oil brand","2020-11-01",1072.9003925005447
"Oil brand","2020-11-02",1081.5600810846363
"Oil brand","2020-11-03",1081.9293081048247
"Oil brand","2020-11-04",1081.3648053473405
"Oil brand","2020-11-05",1082.864402022329
"Oil brand","2020-11-06",1078.1340772930741
"Oil brand","2020-11-07",1083.3438699645505
"Oil brand","2020-11-08",1077.6020640425868
"Oil brand","2020-11-09",1078.9326908603925
"Oil brand","2020-11-10",1075.2371210614513
"Oil brand","2020-11-11",1074.3003123484032
"Oil brand","2020-11-12",1085.5533158437095
"Oil brand","2020-11-13",1086.1608900701297
"Oil brand","2020-11-14",1074.4418656206408
"Oil brand","2020-11-15",1071.0255536697557
"Oil brand","2020-11-16",1066.66612737654
"Oil brand","2020-11-17",1054.4970276819977
"Oil brand","2020-11-18",1057.0432224575377
"Oil brand","2020-11-19",1058.6282237425073
"Oil brand","2020-11-20",1063.4828378396467
"Oil brand","2020-11-21",1060.5491743153689
"Oil brand","2020-11-22",1064.4744213650035
"Oil brand","2020-11-23",1073.098956822696
"Oil brand","2020-11-24",1077.9477691435077
"Oil brand","2020-11-25",1088.0940756455316
"Oil brand","2020-11-26",1077.6068231859326
"Oil brand","2020-11-27",1083.572996020867
"Oil brand","2020-11-28",1090.1731874390443
"Oil brand","2020-11-29",1088.3311546945347
"Oil brand","2020-11-30",1088.901733981439
"Oil brand","2020-12-01",1090.8098089157531
"Oil brand","2020-12-02",1087.5918353377838
"Oil brand","2020-12-03",1089.3207223064853
"Oil brand","2020-12-04",1094.8260463756726
"Oil brand","2020-12-05",1104.1998886829917
"Oil brand","2020-12-06",1102.6784649943686
"Oil brand","2020-12-07",1099.724220602887
"Oil brand","2020-12-08",1102.0024689681773
"Oil brand","2020-12-09",1103.7020818256026
"Oil brand","2020-12-10",1114.6080495607637
"Oil brand","2020-12-11",1115.4227245617717
"Oil brand","2020-12-12",1116.8353922876959
"Oil brand","2020-12-13",1113.0208464285274
"Oil brand","2020-12-14",1116.2193592348247
"Oil brand","2020-12-15",1121.5421973380448
"Oil brand","2020-12-16",1128.350625374296
"Oil brand","2020-12-17",1129.6412882476063
"Oil brand","2020-12-18",1124.8647210551326
"Oil brand","2020-12-19",1130.4426039512139
"Oil brand","2020-12-20",1129.7499655347024
"Oil brand","2020-12-21",1143.4440408627095
"Oil brand","2020-12-22",1146.2196668057682
"Oil brand","2020-12-23",1152.3747471509446
"Oil brand","2020-12-24",1142.9497372650676
"Oil brand","2020-12-25",1147.0488036110487
"Oil brand","2020-12-26",1156.7407765062305
"Oil brand","2020-12-27",1157.0985727943548
"Oil brand","2020-12-28",1154.4832978417203
"Oil brand","2020-12-29",1159.9274829513577
"Oil brand","2020-12-30",1173.5176632602818
"Oil brand","2020-12-31",1172.4272551225547
"Oil brand","2021-01-01",1170.0482482712534
"Oil brand","2021-01-02",1165.4461760650481
"Oil brand","2021-01-03",1155.1771755513835
"Oil brand","2021-01-04",1156.1658348808635
"Oil brand","2021-01-05",1156.4332493512352
"Oil brand","2021-01-06",1163.0796044800934
"Oil brand","2021-01-07",1167.7983956761736
"Oil brand","2021-01-08",1166.236304553845
"Oil brand","2021-01-09",1169.8800940733147
"Oil brand","2021-01-10",1167.0950194581512
"Oil brand","2021-01-11",1167.9087456792429
"Oil brand","2021-01-12",1175.8204863891206
"Oil brand","2021-01-13",1164.4253312812768
"Oil brand","2021-01-14",1171.8967583350604
"Oil brand","2021-01-15",1166.7363146009693
"Oil brand","2021-01-16",1169.1066934348871
"Oil brand","2021-01-17",1158.8410896929734
"Oil brand","2021-01-18",1152.324447171334
"Oil brand","2021-01-19",1153.0532542957467
"Oil brand","2021-01-20",1152.933622206727
"Oil brand","2021-01-21",1151.8871813531205
"Oil brand","2021-01-22",1144.8090628235748
"Oil brand","2021-01-23",1130.48348285395
"Oil brand","2021-01-24",1127.6763715864895
"Oil brand","2021-01-25",1130.1524086383517
"Oil brand","2021-01-26",1127.6168267053622
"Oil brand","2021-01-27",1129.8019512316018
"Oil brand","2021-01-28",1122.8128936237017
"Oil brand","2021-01-29",1116.1000829638865
"Oil brand","2021-01-30",1115.4294775921135
"Oil brand","2021-01-31",1121.8069331773029
"Oil brand","2021-02-01",1117.5823668720925
"Oil brand","2021-02-02",1126.3374267379593
"Oil brand","2021-02-03",1131.7518757526511
"Oil brand","2021-02-04",1129.932088875836
"Oil brand","2021-02-05",1134.6879303737023
"Oil brand","2021-02-06",1138.0087497260213
"Oil brand","2021-02-07",1139.0007032090145
"Oil brand","2021-02-08",1131.5317158104042
"Oil brand","2021-02-09",1129.6848104309402
"Oil brand","2021-02-10",1132.3876696691038
"Oil brand","2021-02-11",1126.2465527616741
"Oil brand","2021-02-12",1125.591670612199
"Oil brand","2021-02-13",1123.4341691392851
"Oil brand","2021-02-14",1126.0717352025245
"Oil brand","2021-02-15",1118.3899063436972
"Oil brand","2021-02-16",1130.795653915768
"Oil brand","2021-02-17",1124.6483227755318
"Oil brand","2021-02-18",1120.7341653067836
"Oil brand","2021-02-19",1119.0792738537973
"Oil brand","2021-02-20",1118.5577116167756
"Oil brand","2021-02-21",1111.5466566807327
"Oil brand","2021-02-22",1109.721482674965
"Oil brand","2021-02-23",1110.6291199613838
"Oil brand","2021-02-24",1114.227512333877
"Oil brand","2021-02-25",1112.3104343280877
"Oil brand","2021-02-26",1117.0306714625879
"Oil brand","2021-02-27",1119.5940440437248
"Oil brand","2021-02-28",1112.9792868373834
"Oil brand","2021-03-01",1103.6686296000337
"Oil brand","2021-03-02",1106.4212875358269
"Oil brand","2021-03-03",1106.4533976461403
"Oil brand","2021-03-04",1112.818294616722
"Oil brand","2021-03-05",1117.8752481766728
"Oil brand","2021-03-06",1112.0069227696824
"Oil brand","2021-03-07",1113.604894184847
"Oil brand","2021-03-08",1118.2342171554376
"Oil brand","2021-03-09",1107.466062509238
"Oil brand","2021-03-10",1103.4077453054792
"Oil brand","2021-03-11",1116.4639063152144
"Oil brand","2021-03-12",1113.3307648780974
"Oil brand","2021-03-13",1117.8782472778862
"Oil brand","2021-03-14",1125.8980776353494
"Oil brand","2021-03-15",1124.2323816370065
"Oil brand","2021-03-16",1115.1384859541254
"Oil brand","2021-03-17",1117.2123003252552
"Oil brand","2021-03-18",1121.298555716498
"Oil brand","2021-03-19",1113.4036008407973
"Oil brand","2021-03-20",1114.7083640937933
"Oil brand","2021-03-21",1105.0825932080736
"Oil brand","2021-03-22",1103.0601303068618
"Oil brand","2021-03-23",1102.7516044423637
"Oil brand","2021-03-24",1102.0351948941263
"Oil brand","2021-03-25",1109.2336026185333
"Oil brand","2021-03-26",1107.3140586279776
"Oil brand","2021-03-27",1105.2625132713065
"Oil brand","2021-03-28",1095.597410087757
"Oil brand","2021-03-29",1097.6844616923217
"Oil brand","2021-03-30",1108.0184111484623
"Oil brand","2021-03-31",1108.01634221159
"Oil brand","2021-04-01",1115.7446657169519
"Oil brand","2021-04-02",1122.34062522406
"Oil brand","2021-04-03",1125.6359931847487
"Oil brand","2021-04-04",1120.5669527697594
"Oil brand","2021-04-05",1130.6611918152116
"Oil brand","2021-04-06",1137.4437646272686
"Oil brand","2021-04-07",1133.162448499319
"Oil brand","2021-04-08",1133.6452347633965
"Oil brand","2021-04-09",1123.9792722873678
"Oil brand","2021-04-10",1107.3885020575583
"Oil brand","2021-04-11",1102.9313246441325
"Oil brand","2021-04-12",1104.6178978220826
"Oil brand","2021-04-13",1112.4565384553177
"Oil brand","2021-04-14",1109.3037294061435
"Oil brand","2021-04-15",1113.4831381056322
"Oil brand","2021-04-16",1112.940914167395
"Oil brand","2021-04-17",1099.000173062566
"Oil brand","2021-04-18",1107.9439897688833
"Oil brand","2021-04-19",1101.4042401959632
"Oil brand","2021-04-20",1094.2416845973707
"Oil brand","2021-04-21",1094.131908746859
"Oil brand","2021-04-22",1090.9471696245646
"Oil brand","2021-04-23",1093.8249109154062
"Oil brand","2021-04-24",1092.9369661335063
"Oil brand","2021-04-25",1092.4778956721834
"Oil brand","2021-04-26",1090.3458651696012
"Oil brand","2021-04-27",1097.0026986464075
"Oil brand","2021-04-28",1093.7351612062548
"Oil brand","2021-04-29",1092.731381996937
"Oil brand","2021-04-30",1102.4472604992784
"Oil brand","2021-05-01",1100.375909263271
"Oil brand","2021-05-02",1110.6610912492185
"Oil brand","2021-05-03",1103.1460731140833
"Oil brand","2021-05-04",1105.4270000804977
"Oil brand","2021-05-05",1110.0346612627527
"Oil brand","2021-05-06",1113.0756590913968
"Oil brand","2021-05-07",1124.8996663729806
"Oil brand","2021-05-08",1132.6863080750056
"Oil brand","2021-05-09",1140.9630921148434
"Oil brand","2021-05-10",1144.0952300201818
"Oil brand","2021-05-11",1147.575995057731
"Oil brand","2021-05-12",1149.2919625081465
"Oil brand","2021-05-13",1149.9268332905867
"Oil brand","2021-05-14",1145.6383718001102
"Oil brand","2021-05-15",1135.1608884556615
"Oil brand","2021-05-16",1143.4424824810249
"Oil brand","2021-05-17",1141.6379657659213
"Oil brand","2021-05-18",1132.082564669661
"Oil brand","2021-05-19",1139.4301819870398
"Oil brand","2021-05-20",1140.70079798248
"Oil brand","2021-05-21",1137.5250917562246
"Oil brand","2021-05-22",1142.4181993727232
"Oil brand","2021-05-23",1150.2228711905307
"Oil brand","2021-05-24",1144.4861215394496
"Oil brand","2021-05-25",1137.8638907620436
"Oil brand","2021-05-26",1141.699720825289
"Oil brand","2021-05-27",1137.025876587494
"Oil brand","2021-05-28",1136.297126854462
"Oil brand","2021-05-29",1131.5165582433647
"Oil brand","2021-05-30",1127.359760489897
"Oil brand","2021-05-31",1128.2608694384835
"Oil brand","2021-06-01",1136.094575363274
"Oil brand","2021-06-02",1129.0120963730137
"Oil brand","2021-06-03",1127.5621647342919
"Oil brand","2021-06-04",1132.4827532491315
"Oil brand","2021-06-05",1142.3807049484344
"Oil brand","2021-06-06",1141.3524040591578
"Oil brand","2021-06-07",1140.9709456418457
"Oil brand","2021-06-08",1135.6120855968802
"Oil brand","2021-06-09",1144.0905885606026
"Oil brand","2021-06-10",1145.6728302422948
"Oil brand","2021-06-11",1156.6590213012887
"Oil brand","2021-06-12",1155.3881151306755
"Oil brand","2021-06-13",1151.2633823482922
"Oil brand","2021-06-14",1148.2771291877343
"Oil brand","2021-06-15",1145.2013330666198
"Oil brand","2021-06-16",1147.343607485385
"Oil brand","2021-06-17",1142.2754604150307
"Oil brand","2021-06-18",1138.020141698874
"Oil brand","2021-06-19",1137.9386720323664
"Oil brand","2021-06-20",1148.114407124215
"Oil brand","2021-06-21",1157.9002388357862
"Oil brand","2021-06-22",1150.4427380063123
"Oil brand","2021-06-23",1145.8924585901254
"Oil brand","2021-06-24",1149.8822546112158
"Oil brand","2021-06-25",1148.4777560820396
"Oil brand","2021-06-26",1158.512206100526
"Oil brand","2021-06-27",1154.320156973547
"Oil brand","2021-06-28",1142.8301823422357
"Oil brand","2021-06-29",1155.0821968115958
"Oil brand","2021-06-30",1149.6626182498
"Oil brand","2021-07-01",1149.4296160235438
"Oil brand","2021-07-02",1148.7640960774445
"Oil brand","2021-07-03",1152.6571206944395
"Oil brand","2021-07-04",1165.4555032220212
"Oil brand","2021-07-05",1164.4462002752937
"Oil brand","2021-07-06",1168.5738088272406
"Oil brand","2021-07-07",1169.4533241427741
"Oil brand","2021-07-08",1172.4463368615461
"Oil brand","2021-07-09",1177.4833125919456
"Oil brand","2021-07-10",1180.4525613615917
"Oil brand","2021-07-11",1173.633849803669
"Oil brand","2021-07-12",1169.6465811149812
"Oil brand","2021-07-13",1170.520174374844
"Oil brand","2021-07-14",1177.6165813174803
"Oil brand","2021-07-15",1176.7713853698635
"Oil brand","2021-07-16",1188.783530505134
"Oil brand","2021-07-17",1179.5458678491966
"Oil brand","2021-07-18",1181.8425416197451
"Oil brand","2021-07-19",1188.4163767523837
"Oil brand","2021-07-20",1196.4957741225967
"Oil brand","2021-07-21",1197.5587901253505
"Oil brand","2021-07-22",1192.6975238852845
"Oil brand","2021-07-23",1200.3511710828154
"Oil brand","2021-07-24",1205.3447783851223
"Oil brand","2021-07-25",1197.9331362795458
"Oil brand","2021-07-26",1194.1197506143967
"Oil brand","2021-07-27",1195.468461707697
"Oil brand","2021-07-28",1200.3655286299575
"Oil brand","2021-07-29",1186.438823823788
"Oil brand","2021-07-30",1188.7209305478689
"Oil brand","2021-07-31",1180.0581801158542
"Oil brand","2021-08-01",1182.9019525363817
"Oil brand","2021-08-02",1178.7682038230369
"Oil brand","2021-08-03",1174.3794542530861
"Oil brand","2021-08-04",1171.9456512219974
"Oil brand","2021-08-05",1166.5586117172518
"Oil brand","2021-08-06",1169.280589433923
"Oil brand","2021-08-07",1170.974318693192
"Oil brand","2021-08-08",1170.701288657542
"Oil brand","2021-08-09",1165.3755034781286
"Oil brand","2021-08-10",1166.0310424823417
"Oil brand","2021-08-11",1164.7292870800406
"Oil brand","2021-08-12",1158.3669439537994
"Oil brand","2021-08-13",1147.7901599844633
"Oil brand","2021-08-14",1149.3254252094787
"Oil brand","2021-08-15",1147.800356342801
"Oil brand","2021-08-16",1138.0660134186267
"Oil brand","2021-08-17",1147.3686930902027
"Oil brand","2021-08-18",1143.5844069206416
"Oil brand","2021-08-19",1147.3250394883858
"Oil brand","2021-08-20",1138.5617208806648
"Oil brand","2021-08-21",1137.5890524208207
"Oil brand","2021-08-22",1134.7217061534238
"Oil brand","2021-08-23",1137.0496329892514
"Oil brand","2021-08-24",1127.9476312718716
"Oil brand","2021-08-25",1122.312766397039
"Oil brand","2021-08-26",1138.4370020344422
"Oil brand","2021-08-27",1143.0194148087292
"Oil brand","2021-08-28",1142.8226703665923
"Oil brand","2021-08-29",1140.053158521032
"Oil brand","2021-08-30",1139.6069262998608
"Oil brand","2021-08-31",1137.2906985906152
"Oil brand","2021-09-01",1128.1706293472323
"Oil brand","2021-09-02",1130.6427768077533
"Oil brand","2021-09-03",1120.1882716715224
"Oil brand","2021-09-04",1122.3099051640131
"Oil brand","2021-09-05",1123.7764505061632
"Oil brand","2021-09-06",1126.1546923147168
"Oil brand","2021-09-07",1135.2273991936822
"Oil brand","2021-09-08",1133.8769747009003
"Oil brand","2021-09-09",1126.9236615368895
"Oil brand","2021-09-10",1142.757805891352
"Oil brand","2021-09-11",1130.2306743626932
"Oil brand","2021-09-12",1123.2193640327514
"Oil brand","2021-09-13",1124.3232536123114
"Oil brand","2021-09-14",1117.13712310741
"Oil brand","2021-09-15",1121.3372439770537
"Oil brand","2021-09-16",1119.5622917018839
"Oil brand","2021-09-17",1113.507720825709
"Oil brand","2021-09-18",1106.4322636926966
"Oil brand","2021-09-19",1106.778620123412
"Oil brand","2021-09-20",1114.8194387974452
"Oil brand","2021-09-21",1116.5377771590577
"Oil brand","2021-09-22",1118.9672585467663
"Oil brand","2021-09-23",1116.4339214365675
"Oil brand","2021-09-24",1124.1961408773625
"Oil brand","2021-09-25",1118.262637323326
"Oil brand","2021-09-26",1124.4305521830036
"Oil brand","2021-09-27",1127.6410841061252
"Oil brand","2021-09-28",1129.036973148836
"Oil brand","2021-09-29",1136.2964649992448
"Oil brand","2021-09-30",1136.4921251155017
"Oil brand","2021-10-01",1149.09557436841
"Phone brand","2020-01-01",1781.2959516187227
"Phone brand","2020-01-02",1770.8746977479548
"Phone brand","2020-01-03",1778.4036087320176
"Phone brand","2020-01-04",1774.871602394263
"Phone brand","2020-01-05",1785.7696017187482
"Phone brand","2020-01-06",1799.7449817135862
"Phone brand","2020-01-07",1799.4295404801292
"Phone brand","2020-01-08",1789.9236581989633
"Phone brand","2020-01-09",1781.2390206028097
"Phone brand","2020-01-10",1785.5099599845041
"Phone brand","2020-01-11",1794.6524471464402
"Phone brand","2020-01-12",1813.6505782363743
"Phone brand","2020-01-13",1790.6014122058364
"Phone brand","2020-01-14",1780.9187071550734
"Phone brand","2020-01-15",1791.521178720971
"Phone brand","2020-01-16",1794.8746862573153
"Phone brand","2020-01-17",1799.8786538739912
"Phone brand","2020-01-18",1814.7822613750152
"Phone brand","2020-01-19",1811.992114101148
"Phone brand","2020-01-20",1799.8243420200338
"Phone brand","2020-01-21",1802.792192546661
"Phone brand","2020-01-22",1795.3392286553262
"Phone brand","2020-01-23",1797.238944382648
"Phone brand","2020-01-24",1794.6179638075253
"Phone brand","2020-01-25",1784.822417537132
"Phone brand","2020-01-26",1799.5449453671602
"Phone brand","2020-01-27",1805.613219177959
"Phone brand","2020-01-28",1799.0153356533522
"Phone brand","2020-01-29",1809.9664551574506
"Phone brand","2020-01-30",1804.7622307149627
"Phone brand","2020-01-31",1834.3970500236585
"Phone brand","2020-02-01",1821.0660488953624
"Phone brand","2020-02-02",1822.198382334013
"Phone brand","2020-02-03",1820.5210013440505
"Phone brand","2020-02-04",1809.4698305530624
"Phone brand","2020-02-05",1803.6143622212319
"Phone brand","2020-02-06",1785.3537556787887
"Phone brand","2020-02-07",1775.3649593266432
"Phone brand","2020-02-08",1779.5349418405112
"Phone brand","2020-02-09",1779.764258397672
"Phone brand","2020-02-10",1791.9604048499302
"Phone brand","2020-02-11",1786.6169809442963
"Phone brand","2020-02-12",1796.2099348111728
"Phone brand","2020-02-13",1797.919184288633
"Phone brand","2020-02-14",1786.4757725854465
"Phone brand","2020-02-15",1780.1852058987445
"Phone brand","2020-02-16",1781.365041906222
"Phone brand","2020-02-17",1787.5657473129859
"Phone brand","2020-02-18",1788.279446316996
"Phone brand","2020-02-19",1782.188790174405
"Phone brand","2020-02-20",1783.2959903413953
"Phone brand","2020-02-21",1779.525444112786
"Phone brand","2020-02-22",1784.2895770637422
"Phone brand","2020-02-23",1774.2755971577212
"Phone brand","2020-02-24",1791.4808055323333
"Phone brand","2020-02-25",1788.0636934187985
"Phone brand","2020-02-26",1788.2624142614513
"Phone brand","2020-02-27",1803.139572912061
"Phone brand","2020-02-28",1792.4308441940802
"Phone brand","2020-02-29",1793.8083934709605
"Phone brand","2020-03-01",1785.1012636219418
"Phone brand","2020-03-02",1782.2279556509357
"Phone brand","2020-03-03",1781.0273202398998
"Phone brand","2020-03-04",1797.9936138187522
"Phone brand","2020-03-05",1807.812195985398
"Phone brand","2020-03-06",1807.041296143489
"Phone brand","2020-03-07",1784.3489365462378
"Phone brand","2020-03-08",1791.8206605959738
"Phone brand","2020-03-09",1789.5497011573857
"Phone brand","2020-03-10",1788.5387371523682
"Phone brand","2020-03-11",1785.403723148317
"Phone brand","2020-03-12",1785.2475213548905
"Phone brand","2020-03-13",1786.0054762759062
"Phone brand","2020-03-14",1769.0990575566868
"Phone brand","2020-03-15",1769.5521160524502
"Phone brand","2020-03-16",1789.1877774097948
"Phone brand","2020-03-17",1784.93600376403
"Phone brand","2020-03-18",1789.068415747265
"Phone brand","2020-03-19",1787.8107363279935
"Phone brand","2020-03-20",1781.1645314194025
"Phone brand","2020-03-21",1776.346254243136
"Phone brand","2020-03-22",1781.8969816328165
"Phone brand","2020-03-23",1775.2395968031876
"Phone brand","2020-03-24",1784.8025100079428
"Phone brand","2020-03-25",1770.0033045435728
"Phone brand","2020-03-26",1757.5560968269035
"Phone brand","2020-03-27",1752.8965762117764
"Phone brand","2020-03-28",1755.2518954066816
"Phone brand","2020-03-29",1758.6117319390557
"Phone brand","2020-03-30",1751.6909588257627
"Phone brand","2020-03-31",1736.9575167768517
"Phone brand","2020-04-01",1729.2014118247444
"Phone brand","2020-04-02",1731.0813162264046
"Phone brand","2020-04-03",1731.6998488721163
"Phone brand","2020-04-04",1736.7965795659345
"Phone brand","2020-04-05",1745.0633797786236
"Phone brand","2020-04-06",1745.0909813436635
"Phone brand","2020-04-07",1738.506095809485
"Phone brand","2020-04-08",1743.7641598111127
"Phone brand","2020-04-09",1742.5584543901168
"Phone brand","2020-04-10",1771.1208027004868
"Phone brand","2020-04-11",1764.1384548561928
"Phone brand","2020-04-12",1763.423912493307
"Phone brand","2020-04-13",1772.5975190142933
"Phone brand","2020-04-14",1769.7829954303745
"Phone brand","2020-04-15",1775.2598350952126
"Phone brand","2020-04-16",1767.2958987805323
"Phone brand","2020-04-17",1756.7100067102958
"Phone brand","2020-04-18",1743.5868337573909
"Phone brand","2020-04-19",1746.3418820921895
"Phone brand","2020-04-20",1738.8687592174776
"Phone brand","2020-04-21",1743.122522872006
"Phone brand","2020-04-22",1738.1787267142797
"Phone brand","2020-04-23",1726.2327880056307
"Phone brand","2020-04-24",1735.111579238495
"Phone brand","2020-04-25",1759.1578662946038
"Phone brand","2020-04-26",1761.7594899110961
"Phone brand","2020-04-27",1745.6387453647594
"Phone brand","2020-04-28",1752.2236419758044
"Phone brand","2020-04-29",1734.7279508313165
"Phone brand","2020-04-30",1724.1301248128295
"Phone brand","2020-05-01",1735.2976302893105
"Phone brand","2020-05-02",1729.3776048936304
"Phone brand","2020-05-03",1739.881201587995
"Phone brand","2020-05-04",1743.034442642325
"Phone brand","2020-05-05",1747.679623027702
"Phone brand","2020-05-06",1746.4504619013196
"Phone brand","2020-05-07",1761.4537095313642
"Phone brand","2020-05-08",1760.3701677523625
"Phone brand","2020-05-09",1760.2350520966042
"Phone brand","2020-05-10",1770.6080353073548
"Phone brand","2020-05-11",1782.422679561156
"Phone brand","2020-05-12",1796.8271478870565
"Phone brand","2020-05-13",1793.6640069239688
"Phone brand","2020-05-14",1788.8459298203618
"Phone brand","2020-05-15",1789.7247048361362
"Phone brand","2020-05-16",1787.57005009943
"Phone brand","2020-05-17",1784.9179445823993
"Phone brand","2020-05-18",1781.5733693072796
"Phone brand","2020-05-19",1780.640527614444
"Phone brand","2020-05-20",1783.7526241464939
"Phone brand","2020-05-21",1807.4738592807007
"Phone brand","2020-05-22",1797.1937701870763
"Phone brand","2020-05-23",1816.375402891529
"Phone brand","2020-05-24",1815.3663864172684
"Phone brand","2020-05-25",1827.0871189090533
"Phone brand","2020-05-26",1837.5041174858168
"Phone brand","2020-05-27",1842.8106459387654
"Phone brand","2020-05-28",1853.5612132519416
"Phone brand","2020-05-29",1851.8267169745152
"Phone brand","2020-05-30",1851.7872606232474
"Phone brand","2020-05-31",1844.1715556680233
"Phone brand","2020-06-01",1847.790167974499
"Phone brand","2020-06-02",1843.9646338419818
"Phone brand","2020-06-03",1828.9723135403897
"Phone brand","2020-06-04",1828.646689578272
"Phone brand","2020-06-05",1832.1442093611963
"Phone brand","2020-06-06",1833.3491225591044
"Phone brand","2020-06-07",1840.9385225600697
"Phone brand","2020-06-08",1838.640404642696
"Phone brand","2020-06-09",1824.6130725789992
"Phone brand","2020-06-10",1821.5135351295937
"Phone brand","2020-06-11",1823.5554409280112
"Phone brand","2020-06-12",1827.788163083824
"Phone brand","2020-06-13",1836.1318278039726
"Phone brand","2020-06-14",1851.8090976505312
"Phone brand","2020-06-15",1843.5157302752414
"Phone brand","2020-06-16",1852.2671423540614
"Phone brand","2020-06-17",1864.6758480009541
"Phone brand","2020-06-18",1868.9877099661983
"Phone brand","2020-06-19",1873.1027571029367
"Phone brand","2020-06-20",1884.1323412896788
"Phone brand","2020-06-21",1868.575134262923
"Phone brand","2020-06-22",1871.0493419774746
"Phone brand","2020-06-23",1878.449293095736
"Phone brand","2020-06-24",1875.1330657287785
"Phone brand","2020-06-25",1868.8876458290724
"Phone brand","2020-06-26",1868.1654076221837
"Phone brand","2020-06-27",1867.547111241618
"Phone brand","2020-06-28",1869.5121331324108
"Phone brand","2020-06-29",1894.8053089328569
"Phone brand","2020-06-30",1891.9406751023064
"Phone brand","2020-07-01",1915.1584701532954
"Phone brand","2020-07-02",1920.6588966717677
"Phone brand","2020-07-03",1916.673005999383
"Phone brand","2020-07-04",1924.4896999574864
"Phone brand","2020-07-05",1926.737828258194
"Phone brand","2020-07-06",1937.1771703939246
"Phone brand","2020-07-07",1934.8624952563978
"Phone brand","2020-07-08",1931.397710153038
"Phone brand","2020-07-09",1917.4122355725162
"Phone brand","2020-07-10",1923.2372073372399
"Phone brand","2020-07-11",1927.0214045685266
"Phone brand","2020-07-12",1938.6494662858568
"Phone brand","2020-07-13",1938.1804464332113
"Phone brand","2020-07-14",1941.6120161875676
"Phone brand","2020-07-15",1958.7834423110744
"Phone brand","2020-07-16",1975.533618127651
"Phone brand","2020-07-17",1969.9715923077213
"Phone brand","2020-07-18",1972.0778556191487
"Phone brand","2020-07-19",1958.4368310981947
"Phone brand","2020-07-20",1960.5385306670612
"Phone brand","2020-07-21",1967.1153796323295
"Phone brand","2020-07-22",1965.1296184427486
"Phone brand","2020-07-23",1976.8166090941625
"Phone brand","2020-07-24",1980.1220985196271
"Phone brand","2020-07-25",1992.9541140608474
"Phone brand","2020-07-26",1997.486929992998
"Phone brand","2020-07-27",1994.2766702010708
"Phone brand","2020-07-28",2002.7136797057578
"Phone brand","2020-07-29",2007.124908988689
"Phone brand","2020-07-30",2001.0227524558443
"Phone brand","2020-07-31",1990.6392272682995
"Phone brand","2020-08-01",1989.4197897154877
"Phone brand","2020-08-02",1985.0873046275217
"Phone brand","2020-08-03",1986.54245364237
"Phone brand","2020-08-04",1993.2500387498512
"Phone brand","2020-08-05",1987.3298596803997
"Phone brand","2020-08-06",1970.5238613532456
"Phone brand","2020-08-07",1977.897832498465
"Phone brand","2020-08-08",1978.5470908691666
"Phone brand","2020-08-09",1987.1785439266578
"Phone brand","2020-08-10",2011.36301268845
"Phone brand","2020-08-11",1999.6452867619953
"Phone brand","2020-08-12",1990.8493641979192
"Phone brand","2020-08-13",1980.1373792361965
"Phone brand","2020-08-14",1966.862016309204
"Phone brand","2020-08-15",1960.4823439700758
"Phone brand","2020-08-16",1978.4514278067793
"Phone brand","2020-08-17",1986.5533511210576
"Phone brand","2020-08-18",1994.770770121409
"Phone brand","2020-08-19",2001.679184191932
"Phone brand","2020-08-20",1999.592636346858
"Phone brand","2020-08-21",2001.6756992359574
"Phone brand","2020-08-22",1973.1998986221981
"Phone brand","2020-08-23",1964.0363636094492
"Phone brand","2020-08-24",1958.6376385937967
"Phone brand","2020-08-25",1979.1077387871774
"Phone brand","2020-08-26",1990.3423409365143
"Phone brand","2020-08-27",2002.990110313815
"Phone brand","2020-08-28",2013.052177031289
"Phone brand","2020-08-29",2029.5403214971964
"Phone brand","2020-08-30",2034.7902281068166
"Phone brand","2020-08-31",2029.0020469599087
"Phone brand","2020-09-01",2031.7131953613589
"Phone brand","2020-09-02",2033.762068724642
"Phone brand","2020-09-03",2027.3892107440713
"Phone brand","2020-09-04",2022.249557485067
"Phone brand","2020-09-05",2005.9938862538575
"Phone brand","2020-09-06",1996.3962062040832
"Phone brand","2020-09-07",2001.3920686346703
"Phone brand","2020-09-08",2014.4079130381451
"Phone brand","2020-09-09",2010.5010233167916
"Phone brand","2020-09-10",2027.0019022119216
"Phone brand","2020-09-11",2014.994350501622
"Phone brand","2020-09-12",2010.3569421171753
"Phone brand","2020-09-13",2014.8202126699393
"Phone brand","2020-09-14",2028.0839495842727
"Phone brand","2020-09-15",2027.6280556681525
"Phone brand","2020-09-16",2049.1629251172926
"Phone brand","2020-09-17",2048.021716707635
"Phone brand","2020-09-18",2045.9536442881213
"Phone brand","2020-09-19",2031.5540672480981
"Phone brand","2020-09-20",2030.1879632844013
"Phone brand","2020-09-21",2021.051765963137
"Phone brand","2020-09-22",2034.407459702528
"Phone brand","2020-09-23",2032.355054330716
"Phone brand","2020-09-24",2045.3114235456649
"Phone brand","2020-09-25",2049.911905261499
"Phone brand","2020-09-26",2059.924752470551
"Phone brand","2020-09-27",2046.1296350004245
"Phone brand","2020-09-28",2050.53396911838
"Phone brand","2020-09-29",2061.451386419432
"Phone brand","2020-09-30",2062.7681450521995
"Phone brand","2020-10-01",2071.3476785018843
"Phone brand","2020-10-02",2067.653882548252
"Phone brand","2020-10-03",2065.2947597122443
"Phone brand","2020-10-04",2072.80100898266
"Phone brand","2020-10-05",2080.4513615901615
"Phone brand","2020-10-06",2084.2627789851326
"Phone brand","2020-10-07",2089.091526214458
"Phone brand","2020-10-08",2085.8453267404134
"Phone brand","2020-10-09",2073.262467098147
"Phone brand","2020-10-10",2087.901095607877
"Phone brand","2020-10-11",2092.7101533789014
"Phone brand","2020-10-12",2082.2844652921294
"Phone brand","2020-10-13",2086.2583362673354
"Phone brand","2020-10-14",2090.5171459413505
"Phone brand","2020-10-15",2095.9350304801046
"Phone brand","2020-10-16",2097.8527326862254
"Phone brand","2020-10-17",2084.160071729695
"Phone brand","2020-10-18",2088.930932543224
"Phone brand","2020-10-19",2069.183510920303
"Phone brand","2020-10-20",2060.997454750016
"Phone brand","2020-10-21",2061.6311841117144
"Phone brand","2020-10-22",2064.7178655513085
"Phone brand","2020-10-23",2055.537280583194
"Phone brand","2020-10-24",2052.7351925158355
"Phone brand","2020-10-25",2040.9393184963287
"Phone brand","2020-10-26",2060.776950014933
"Phone brand","2020-10-27",2057.86167774604
"Phone brand","2020-10-28",2046.9182411769505
"Phone brand","2020-10-29",2072.8242987710164
"Phone brand","2020-10-30",2057.3287786608016
"Phone brand","2020-10-31",2057.118053373392
"Phone brand","2020-11-01",2074.0578184314277
"Phone brand","2020-11-02",2057.5960307638466
"Phone brand","2020-11-03",2052.4462036554664
"Phone brand","2020-11-04",2048.001429151731
"Phone brand","2020-11-05",2053.6683868720647
"Phone brand","2020-11-06",2042.7733870752302
"Phone brand","2020-11-07",2057.9839603198925
"Phone brand","2020-11-08",2059.1584641551326
"Phone brand","2020-11-09",2059.1818574728554
"Phone brand","2020-11-10",2041.3226469518975
"Phone brand","2020-11-11",2049.8790555702053
"Phone brand","2020-11-12",2046.5618605606153
"Phone brand","2020-11-13",2042.4985988820301
"Phone brand","2020-11-14",2040.0712264552683
"Phone brand","2020-11-15",2060.7808708763955
"Phone brand","2020-11-16",2061.138174508861
"Phone brand","2020-11-17",2075.766585123456
"Phone brand","2020-11-18",2061.4726710425402
"Phone brand","2020-11-19",2053.0344685230484
"Phone brand","2020-11-20",2051.5866226848593
"Phone brand","2020-11-21",2059.582714273256
"Phone brand","2020-11-22",2042.0401991060567
"Phone brand","2020-11-23",2042.0498745859163
"Phone brand","2020-11-24",2039.692119300354
"Phone brand","2020-11-25",2049.7692771424563
"Phone brand","2020-11-26",2061.659990633883
"Phone brand","2020-11-27",2051.62649640926
"Phone brand","2020-11-28",2049.946503320846
"Phone brand","2020-11-29",2048.6888023893393
"Phone brand","2020-11-30",2054.617557679734
"Phone brand","2020-12-01",2062.6254182200087
"Phone brand","2020-12-02",2047.3674502152605
"Phone brand","2020-12-03",2053.4489291534046
"Phone brand","2020-12-04",2070.030126002965
"Phone brand","2020-12-05",2084.9726646452455
"Phone brand","2020-12-06",2080.113456030975
"Phone brand","2020-12-07",2078.504657560473
"Phone brand","2020-12-08",2077.8689204174807
"Phone brand","2020-12-09",2089.622926244041
"Phone brand","2020-12-10",2081.667112650644
"Phone brand","2020-12-11",2091.3258690213197
"Phone brand","2020-12-12",2075.6703043473703
"Phone brand","2020-12-13",2097.030668103978
"Phone brand","2020-12-14",2087.2518955020037
"Phone brand","2020-12-15",2084.543999185361
"Phone brand","2020-12-16",2082.7651952911165
"Phone brand","2020-12-17",2081.8969730363474
"Phone brand","2020-12-18",2094.0670982312695
"Phone brand","2020-12-19",2085.120562647893
"Phone brand","2020-12-20",2102.764668624499
"Phone brand","2020-12-21",2114.8012530976957
"Phone brand","2020-12-22",2098.0086899531434
"Phone brand","2020-12-23",2098.759035331295
"Phone brand","2020-12-24",2094.493085269659
"Phone brand","2020-12-25",2090.0822183588516
"Phone brand","2020-12-26",2087.94587652362
"Phone brand","2020-12-27",2095.765106504074
"Phone brand","2020-12-28",2099.009109463686
"Phone brand","2020-12-29",2115.9113011747972
"Phone brand","2020-12-30",2115.694324004587
"Phone brand","2020-12-31",2131.228840926746
"Phone brand","2021-01-01",2146.9965528976536
"Phone brand","2021-01-02",2152.3426150869577
"Phone brand","2021-01-03",2153.875578285434
"Phone brand","2021-01-04",2143.9493515030367
"Phone brand","2021-01-05",2158.872733893023
"Phone brand","2021-01-06",2140.99044864436
"Phone brand","2021-01-07",2140.305949776133
"Phone brand","2021-01-08",2146.1854869603785
"Phone brand","2021-01-09",2161.377065691771
"Phone brand","2021-01-10",2156.5381516947054
"Phone brand","2021-01-11",2143.66771616553
"Phone brand","2021-01-12",2162.615138636231
"Phone brand","2021-01-13",2153.7037961681326
"Phone brand","2021-01-14",2172.957384130149
"Phone brand","2021-01-15",2171.8259779066357
"Phone brand","2021-01-16",2159.917295541483
"Phone brand","2021-01-17",2147.8190060550937
"Phone brand","2021-01-18",2140.977761275676
"Phone brand","2021-01-19",2143.9514932725065
"Phone brand","2021-01-20",2149.9462307871013
"Phone brand","2021-01-21",2167.172841403456
"Phone brand","2021-01-22",2174.4523628260577
"Phone brand","2021-01-23",2196.154647792911
"Phone brand","2021-01-24",2201.177174320028
"Phone brand","2021-01-25",2195.7438419384835
"Phone brand","2021-01-26",2187.9078624485
"Phone brand","2021-01-27",2196.764272654209
"Phone brand","2021-01-28",2183.7464467299897
"Phone brand","2021-01-29",2173.2533703934087
"Phone brand","2021-01-30",2173.897991031635
"Phone brand","2021-01-31",2183.3373462237055
"Phone brand","2021-02-01",2158.042556023703
"Phone brand","2021-02-02",2166.3142046241633
"Phone brand","2021-02-03",2144.7689866161463
"Phone brand","2021-02-04",2119.724787607867
"Phone brand","2021-02-05",2128.8501148972136
"Phone brand","2021-02-06",2141.368080160363
"Phone brand","2021-02-07",2155.1626804075827
"Phone brand","2021-02-08",2162.5199066942023
"Phone brand","2021-02-09",2183.921937711182
"Phone brand","2021-02-10",2198.8750402358155
"Phone brand","2021-02-11",2181.4096684691417
"Phone brand","2021-02-12",2183.646735191915
"Phone brand","2021-02-13",2191.739926702345
"Phone brand","2021-02-14",2191.792998957998
"Phone brand","2021-02-15",2196.5748576988804
"Phone brand","2021-02-16",2198.4072938148315
"Phone brand","2021-02-17",2217.3204742631942
"Phone brand","2021-02-18",2236.018880728191
"Phone brand","2021-02-19",2238.967957928717
"Phone brand","2021-02-20",2240.384153176629
"Phone brand","2021-02-21",2233.3842537697315
"Phone brand","2021-02-22",2240.529101127856
"Phone brand","2021-02-23",2254.381470853285
"Phone brand","2021-02-24",2259.6938079280426
"Phone brand","2021-02-25",2257.7643750799293
"Phone brand","2021-02-26",2264.63554988202
"Phone brand","2021-02-27",2282.0093285253183
"Phone brand","2021-02-28",2288.319080181365
"Phone brand","2021-03-01",2299.5034851212363
"Phone brand","2021-03-02",2274.211170148216
"Phone brand","2021-03-03",2272.7140484583524
"Phone brand","2021-03-04",2258.0981431611876
"Phone brand","2021-03-05",2249.690420780681
"Phone brand","2021-03-06",2253.1492894249745
"Phone brand","2021-03-07",2258.9803629631997
"Phone brand","2021-03-08",2259.141034114421
"Phone brand","2021-03-09",2254.469121994401
"Phone brand","2021-03-10",2258.405245650003
"Phone brand","2021-03-11",2263.7570689464956
"Phone brand","2021-03-12",2277.042651392705
"Phone brand","2021-03-13",2270.3354000797867
"Phone brand","2021-03-14",2256.787837858093
"Phone brand","2021-03-15",2244.5433865931623
"Phone brand","2021-03-16",2252.545680774542
"Phone brand","2021-03-17",2253.519442817806
"Phone brand","2021-03-18",2254.656214703912
"Phone brand","2021-03-19",2267.1163410762806
"Phone brand","2021-03-20",2284.8716332792555
"Phone brand","2021-03-21",2275.0644079645876
"Phone brand","2021-03-22",2302.469110312275
"Phone brand","2021-03-23",2291.7233614714432
"Phone brand","2021-03-24",2284.607219018219
"Phone brand","2021-03-25",2282.098555694876
"Phone brand","2021-03-26",2284.0652962971003
"Phone brand","2021-03-27",2268.5996200570844
"Phone brand","2021-03-28",2284.965471687758
"Phone brand","2021-03-29",2281.198658122274
"Phone brand","2021-03-30",2277.605882239088
"Phone brand","2021-03-31",2276.4355263700563
"Phone brand","2021-04-01",2265.7481341491216
"Phone brand","2021-04-02",2250.281706430201
"Phone brand","2021-04-03",2250.497481785053
"Phone brand","2021-04-04",2258.378955966396
"Phone brand","2021-04-05",2259.2555320791103
"Phone brand","2021-04-06",2238.632761015294
"Phone brand","2021-04-07",2229.7093341682344
"Phone brand","2021-04-08",2233.7914633799182
"Phone brand","2021-04-09",2241.334790087684
"Phone brand","2021-04-10",2247.0380674593325
"Phone brand","2021-04-11",2235.961621726939
"Phone brand","2021-04-12",2212.214613137869
"Phone brand","2021-04-13",2210.399241970498
"Phone brand","2021-04-14",2207.503733919179
"Phone brand","2021-04-15",2211.6231356820817
"Phone brand","2021-04-16",2222.4308392125126
"Phone brand","2021-04-17",2215.9013472992265
"Phone brand","2021-04-18",2203.255585981758
"Phone brand","2021-04-19",2201.558980475382
"Phone brand","2021-04-20",2188.306710940781
"Phone brand","2021-04-21",2195.9480860893095
"Phone brand","2021-04-22",2185.3177115960543
"Phone brand","2021-04-23",2197.6379448202442
"Phone brand","2021-04-24",2200.5412317121495
"Phone brand","2021-04-25",2208.9069825943934
"Phone brand","2021-04-26",2194.1498916539485
"Phone brand","2021-04-27",2194.9333777212682
"Phone brand","2021-04-28",2189.4085929875487
"Phone brand","2021-04-29",2189.913108305432
"Phone brand","2021-04-30",2187.217263207363
"Phone brand","2021-05-01",2172.0323457195664
"Phone brand","2021-05-02",2183.329101150005
"Phone brand","2021-05-03",2190.9168410371544
"Phone brand","2021-05-04",2173.6696895461614
"Phone brand","2021-05-05",2191.31709168045
"Phone brand","2021-05-06",2181.7924964232625
"Phone brand","2021-05-07",2208.757712614841
"Phone brand","2021-05-08",2208.559883652789
"Phone brand","2021-05-09",2193.7308049009935
"Phone brand","2021-05-10",2183.7569885157045
"Phone brand","2021-05-11",2182.6477401246343
"Phone brand","2021-05-12",2186.595519512676
"Phone brand","2021-05-13",2191.640336768343
"Phone brand","2021-05-14",2172.661798394001
"Phone brand","2021-05-15",2170.481211631579
"Phone brand","2021-05-16",2156.176165158819
"Phone brand","2021-05-17",2162.916323698833
"Phone brand","2021-05-18",2163.396961247883
"Phone brand","2021-05-19",2161.2583326523627
"Phone brand","2021-05-20",2186.924231347437
"Phone brand","2021-05-21",2204.0982529517414
"Phone brand","2021-05-22",2218.342094007001
"Phone brand","2021-05-23",2211.14169472982
"Phone brand","2021-05-24",2210.551522202055
"Phone brand","2021-05-25",2174.6316843625527
"Phone brand","2021-05-26",2167.6546598406876
"Phone brand","2021-05-27",2161.260257635956
"Phone brand","2021-05-28",2170.600716777071
"Phone brand","2021-05-29",2155.3456840280173
"Phone brand","2021-05-30",2149.3287735133645
"Phone brand","2021-05-31",2154.7464749007554
"Phone brand","2021-06-01",2150.4309247666033
"Phone brand","2021-06-02",2147.2276795800612
"Phone brand","2021-06-03",2154.73146437961
"Phone brand","2021-06-04",2141.5865267975764
"Phone brand","2021-06-05",2114.3763498560593
"Phone brand","2021-06-06",2103.395971075176
"Phone brand","2021-06-07",2108.3157095239712
"Phone brand","2021-06-08",2087.872375758033
"Phone brand","2021-06-09",2094.4538143470536
"Phone brand","2021-06-10",2089.524746673402
"Phone brand","2021-06-11",2094.3990448547024
"Phone brand","2021-06-12",2086.01180680101
"Phone brand","2021-06-13",2075.631590500058
"Phone brand","2021-06-14",2068.1210225662076
"Phone brand","2021-06-15",2072.552767951406
"Phone brand","2021-06-16",2073.3992506943546
"Phone brand","2021-06-17",2071.3169024786425
"Phone brand","2021-06-18",2071.334510003668
"Phone brand","2021-06-19",2071.6954804152933
"Phone brand","2021-06-20",2078.286846214516
"Phone brand","2021-06-21",2084.797335882591
"Phone brand","2021-06-22",2089.5153704379654
"Phone brand","2021-06-23",2099.1597159119633
"Phone brand","2021-06-24",2123.5650774759106
"Phone brand","2021-06-25",2105.041292943958
"Phone brand","2021-06-26",2127.2315643152374
"Phone brand","2021-06-27",2128.480294742079
"Phone brand","2021-06-28",2131.493390187382
"Phone brand","2021-06-29",2154.3238507616293
"Phone brand","2021-06-30",2155.141646267622
"Phone brand","2021-07-01",2170.3638603863974
"Phone brand","2021-07-02",2164.6701722463054
"Phone brand","2021-07-03",2174.562541527796
"Phone brand","2021-07-04",2165.231323917529
"Phone brand","2021-07-05",2175.7663140213313
"Phone brand","2021-07-06",2182.6033019351535
"Phone brand","2021-07-07",2184.2925469735774
"Phone brand","2021-07-08",2169.9275666246385
"Phone brand","2021-07-09",2176.9391167903004
"Phone brand","2021-07-10",2181.90992242026
"Phone brand","2021-07-11",2199.703930931308
"Phone brand","2021-07-12",2191.808346516282
"Phone brand","2021-07-13",2195.9642146250712
"Phone brand","2021-07-14",2199.02594949842
"Phone brand","2021-07-15",2191.333668188328
"Phone brand","2021-07-16",2182.7314327605554
"Phone brand","2021-07-17",2181.2981358352636
"Phone brand","2021-07-18",2198.7086800538855
"Phone brand","2021-07-19",2186.6503693047534
"Phone brand","2021-07-20",2180.0139363441745
"Phone brand","2021-07-21",2198.3200183266576
"Phone brand","2021-07-22",2188.938449164352
"Phone brand","2021-07-23",2200.9589036291645
"Phone brand","2021-07-24",2212.0805091907014
"Phone brand","2021-07-25",2194.198208984668
"Phone brand","2021-07-26",2205.8774795113286
"Phone brand","2021-07-27",2209.2435684592574
"Phone brand","2021-07-28",2219.4962564017496
"Phone brand","2021-07-29",2211.1483738942625
"Phone brand","2021-07-30",2236.351423136199
"Phone brand","2021-07-31",2233.1651931782694
"Phone brand","2021-08-01",2229.6000416555685
"Phone brand","2021-08-02",2234.683231225256
"Phone brand","2021-08-03",2230.933148716463
"Phone brand","2021-08-04",2242.909537938959
"Phone brand","2021-08-05",2227.50049788903
"Phone brand","2021-08-06",2249.3723821426292
"Phone brand","2021-08-07",2255.457777710502
"Phone brand","2021-08-08",2243.92307316799
"Phone brand","2021-08-09",2244.3709035137417
"Phone brand","2021-08-10",2244.620121838865
"Phone brand","2021-08-11",2256.711860328976
"Phone brand","2021-08-12",2238.419330226367
"Phone brand","2021-08-13",2250.412984673402
"Phone brand","2021-08-14",2255.9918494776784
"Phone brand","2021-08-15",2259.0765846651884
"Phone brand","2021-08-16",2266.3350671127196
"Phone brand","2021-08-17",2245.1149856678035
"Phone brand","2021-08-18",2262.5187338180667
"Phone brand","2021-08-19",2259.3926566893015
"Phone brand","2021-08-20",2267.756237703882
"Phone brand","2021-08-21",2291.1112644831646
"Phone brand","2021-08-22",2297.810526634301
"Phone brand","2021-08-23",2290.7774078972448
"Phone brand","2021-08-24",2285.337533473186
"Phone brand","2021-08-25",2303.5294999844095
"Phone brand","2021-08-26",2304.6426790687665
"Phone brand","2021-08-27",2296.6981148277987
"Phone brand","2021-08-28",2301.6079927921105
"Phone brand","2021-08-29",2301.636783236605
"Phone brand","2021-08-30",2313.545020252103
"Phone brand","2021-08-31",2315.082083987522
"Phone brand","2021-09-01",2323.516211911807
"Phone brand","2021-09-02",2329.5788766395344
"Phone brand","2021-09-03",2339.606353754021
"Phone brand","2021-09-04",2336.452845498671
"Phone brand","2021-09-05",2345.769805630474
"Phone brand","2021-09-06",2372.786458737687
"Phone brand","2021-09-07",2378.354439447752
"Phone brand","2021-09-08",2361.4136445372988
"Phone brand","2021-09-09",2368.1808957723492
"Phone brand","2021-09-10",2349.7628307133814
"Phone brand","2021-09-11",2344.8718791124847
"Phone brand","2021-09-12",2347.4815440315892
"Phone brand","2021-09-13",2344.042691011277
"Phone brand","2021-09-14",2358.2168686194564
"Phone brand","2021-09-15",2340.47417564885
"Phone brand","2021-09-16",2350.8227471844343
"Phone brand","2021-09-17",2335.850507978366
"Phone brand","2021-09-18",2318.9079142082755
"Phone brand","2021-09-19",2308.554322110785
"Phone brand","2021-09-20",2293.5476161809124
"Phone brand","2021-09-21",2300.340406002839
"Phone brand","2021-09-22",2291.5554917793565
"Phone brand","2021-09-23",2300.3251557459816
"Phone brand","2021-09-24",2294.7237179138947
"Phone brand","2021-09-25",2303.202116207396
"Phone brand","2021-09-26",2320.957564646882
"Phone brand","2021-09-27",2332.344281863753
"Phone brand","2021-09-28",2324.9709460765907
"Phone brand","2021-09-29",2343.2445859038835
"Phone brand","2021-09-30",2348.080166233945
"Phone brand","2021-10-01",2351.420945517783
"Computer brand","2020-01-01",203.44580837570658
"Computer brand","2020-01-02",201.97998545440933
"Computer brand","2020-01-03",200.70977796546745
"Computer brand","2020-01-04",200.9960810974886
"Computer brand","2020-01-05",201.95356390110152
"Computer brand","2020-01-06",202.5094543568441
"Computer brand","2020-01-07",202.98605758214066
"Computer brand","2020-01-08",201.88180532389845
"Computer brand","2020-01-09",200.69379159614343
"Computer brand","2020-01-10",202.20596266830913
"Computer brand","2020-01-11",201.87578363227937
"Computer brand","2020-01-12",202.39375076994787
"Computer brand","2020-01-13",202.7249066023782
"Computer brand","2020-01-14",200.37296095171294
"Computer brand","2020-01-15",200.26577396130253
"Computer brand","2020-01-16",201.31169321572733
"Computer brand","2020-01-17",201.41862234779123
"Computer brand","2020-01-18",202.16457611995142
"Computer brand","2020-01-19",203.44090399058962
"Computer brand","2020-01-20",206.39154472440805
"Computer brand","2020-01-21",207.06391014935943
"Computer brand","2020-01-22",204.72683059898645
"Computer brand","2020-01-23",204.88707382699747
"Computer brand","2020-01-24",205.4117914231751
"Computer brand","2020-01-25",206.3321889628349
"Computer brand","2020-01-26",207.1457226623597
"Computer brand","2020-01-27",207.87300611431044
"Computer brand","2020-01-28",207.4509361362846
"Computer brand","2020-01-29",207.57140605161493
"Computer brand","2020-01-30",208.34525075419276
"Computer brand","2020-01-31",208.4376636244123
"Computer brand","2020-02-01",209.34623793451493
"Computer brand","2020-02-02",208.73910174302742
"Computer brand","2020-02-03",207.29389233021442
"Computer brand","2020-02-04",207.20622004817147
"Computer brand","2020-02-05",205.13962679354023
"Computer brand","2020-02-06",204.76863752487017
"Computer brand","2020-02-07",205.5724565092933
"Computer brand","2020-02-08",206.29577247206473
"Computer brand","2020-02-09",206.3696788770254
"Computer brand","2020-02-10",206.03154069293294
"Computer brand","2020-02-11",204.66783058551613
"Computer brand","2020-02-12",205.15328900070392
"Computer brand","2020-02-13",205.08910711534725
"Computer brand","2020-02-14",205.37136082154103
"Computer brand","2020-02-15",206.32142377625922
"Computer brand","2020-02-16",208.4943835880475
"Computer brand","2020-02-17",207.42344226924573
"Computer brand","2020-02-18",204.73719715093023
"Computer brand","2020-02-19",204.17695557453246
"Computer brand","2020-02-20",205.0178885719347
"Computer brand","2020-02-21",204.09667551250706
"Computer brand","2020-02-22",205.93496753847367
"Computer brand","2020-02-23",207.58350074529767
"Computer brand","2020-02-24",206.1689974226212
"Computer brand","2020-02-25",205.58585452625996
"Computer brand","2020-02-26",206.0150382706464
"Computer brand","2020-02-27",205.9788911894093
"Computer brand","2020-02-28",203.27293870453735
"Computer brand","2020-02-29",202.81566007404297
"Computer brand","2020-03-01",204.12196249575456
"Computer brand","2020-03-02",204.40323901934897
"Computer brand","2020-03-03",204.43152544421523
"Computer brand","2020-03-04",202.87710329851552
"Computer brand","2020-03-05",204.04787366017078
"Computer brand","2020-03-06",203.11178375810474
"Computer brand","2020-03-07",203.0731807350533
"Computer brand","2020-03-08",204.6132401386045
"Computer brand","2020-03-09",204.90569733179146
"Computer brand","2020-03-10",202.7022793528356
"Computer brand","2020-03-11",202.53509563835112
"Computer brand","2020-03-12",201.9358605096024
"Computer brand","2020-03-13",201.0610078269073
"Computer brand","2020-03-14",201.7448645687105
"Computer brand","2020-03-15",200.75626045801548
"Computer brand","2020-03-16",200.8507482430732
"Computer brand","2020-03-17",200.373955887346
"Computer brand","2020-03-18",199.71567256474378
"Computer brand","2020-03-19",197.26651200238544
"Computer brand","2020-03-20",195.09291024145054
"Computer brand","2020-03-21",196.39898568042383
"Computer brand","2020-03-22",195.159063871785
"Computer brand","2020-03-23",195.68687717762182
"Computer brand","2020-03-24",194.82555964056942
"Computer brand","2020-03-25",194.9869609626171
"Computer brand","2020-03-26",195.1031724236823
"Computer brand","2020-03-27",195.16087916694198
"Computer brand","2020-03-28",195.23442091270925
"Computer brand","2020-03-29",194.22281558931715
"Computer brand","2020-03-30",193.66167282481825
"Computer brand","2020-03-31",193.6896237841659
"Computer brand","2020-04-01",194.21392522448357
"Computer brand","2020-04-02",196.02264245107185
"Computer brand","2020-04-03",196.69655866368714
"Computer brand","2020-04-04",196.79685001653226
"Computer brand","2020-04-05",196.52442644997365
"Computer brand","2020-04-06",197.5415970243007
"Computer brand","2020-04-07",198.94893706794562
"Computer brand","2020-04-08",199.3572166008611
"Computer brand","2020-04-09",199.2769764731575
"Computer brand","2020-04-10",199.76378860432388
"Computer brand","2020-04-11",198.71040999513107
"Computer brand","2020-04-12",198.301115521306
"Computer brand","2020-04-13",199.44368817551086
"Computer brand","2020-04-14",200.28345537973533
"Computer brand","2020-04-15",200.0990752542034
"Computer brand","2020-04-16",201.14539098941563
"Computer brand","2020-04-17",200.53726845350036
"Computer brand","2020-04-18",201.29008739017132
"Computer brand","2020-04-19",202.74908672744147
"Computer brand","2020-04-20",203.4718784564448
"Computer brand","2020-04-21",203.1340069813216
"Computer brand","2020-04-22",203.1415616656714
"Computer brand","2020-04-23",201.46891299369955
"Computer brand","2020-04-24",201.3226940948271
"Computer brand","2020-04-25",201.13180099693525
"Computer brand","2020-04-26",201.79235571505325
"Computer brand","2020-04-27",199.54955910460444
"Computer brand","2020-04-28",198.2847273889126
"Computer brand","2020-04-29",197.788388988972
"Computer brand","2020-04-30",198.35847885215946
"Computer brand","2020-05-01",199.5427319704953
"Computer brand","2020-05-02",198.0719168565125
"Computer brand","2020-05-03",197.56263603005493
"Computer brand","2020-05-04",198.81404909801162
"Computer brand","2020-05-05",199.92939239193745
"Computer brand","2020-05-06",199.9430730929648
"Computer brand","2020-05-07",199.19662083939585
"Computer brand","2020-05-08",200.7584573196258
"Computer brand","2020-05-09",201.162122430131
"Computer brand","2020-05-10",201.08973664865314
"Computer brand","2020-05-11",201.60051121499495
"Computer brand","2020-05-12",200.77252283946666
"Computer brand","2020-05-13",200.0016390038501
"Computer brand","2020-05-14",199.00461554455447
"Computer brand","2020-05-15",198.9291324544779
"Computer brand","2020-05-16",198.30851049521837
"Computer brand","2020-05-17",198.2573991820797
"Computer brand","2020-05-18",200.29782764557518
"Computer brand","2020-05-19",201.0797910159217
"Computer brand","2020-05-20",198.7536365937436
"Computer brand","2020-05-21",199.39504602354938
"Computer brand","2020-05-22",198.65476352308949
"Computer brand","2020-05-23",197.12867369016266
"Computer brand","2020-05-24",197.84444266692066
"Computer brand","2020-05-25",195.45458176564455
"Computer brand","2020-05-26",195.11675942844295
"Computer brand","2020-05-27",194.15187806204827
"Computer brand","2020-05-28",193.28328373292223
"Computer brand","2020-05-29",193.10740962211923
"Computer brand","2020-05-30",192.0139535803841
"Computer brand","2020-05-31",190.91247903282246
"Computer brand","2020-06-01",192.17108810677738
"Computer brand","2020-06-02",191.94155719231168
"Computer brand","2020-06-03",192.50209456216623
"Computer brand","2020-06-04",192.11378897324144
"Computer brand","2020-06-05",193.34319459801503
"Computer brand","2020-06-06",193.56815619955844
"Computer brand","2020-06-07",192.1980037087373
"Computer brand","2020-06-08",191.4639114063095
"Computer brand","2020-06-09",189.55866386365372
"Computer brand","2020-06-10",189.50514338145575
"Computer brand","2020-06-11",189.619703305751
"Computer brand","2020-06-12",190.63114785389607
"Computer brand","2020-06-13",191.0812554438409
"Computer brand","2020-06-14",191.60601568189884
"Computer brand","2020-06-15",191.81767627048424
"Computer brand","2020-06-16",192.6966912968863
"Computer brand","2020-06-17",193.8478391953126
"Computer brand","2020-06-18",195.14795988015499
"Computer brand","2020-06-19",194.9985513353438
"Computer brand","2020-06-20",195.7750678446193
"Computer brand","2020-06-21",196.22260689428418
"Computer brand","2020-06-22",197.87009382899976
"Computer brand","2020-06-23",198.02305197790153
"Computer brand","2020-06-24",198.40928837940314
"Computer brand","2020-06-25",200.5127155794276
"Computer brand","2020-06-26",198.8293141890733
"Computer brand","2020-06-27",198.74862667418813
"Computer brand","2020-06-28",201.27451793227368
"Computer brand","2020-06-29",203.2696915891766
"Computer brand","2020-06-30",203.4046731684336
"Computer brand","2020-07-01",203.86048262078907
"Computer brand","2020-07-02",202.1188461504539
"Computer brand","2020-07-03",202.83294510209765
"Computer brand","2020-07-04",205.18180289574758
"Computer brand","2020-07-05",206.5897952746281
"Computer brand","2020-07-06",206.95153988677964
"Computer brand","2020-07-07",207.18332895765548
"Computer brand","2020-07-08",208.14750297243842
"Computer brand","2020-07-09",210.00791095429273
"Computer brand","2020-07-10",209.9309624199404
"Computer brand","2020-07-11",209.25170300214842
"Computer brand","2020-07-12",208.09230567260565
"Computer brand","2020-07-13",209.29516661620218
"Computer brand","2020-07-14",207.776784625053
"Computer brand","2020-07-15",206.45892714279142
"Computer brand","2020-07-16",206.7247943467056
"Computer brand","2020-07-17",206.25483295678634
"Computer brand","2020-07-18",205.66406136704177
"Computer brand","2020-07-19",203.55722160668992
"Computer brand","2020-07-20",203.83269419690583
"Computer brand","2020-07-21",204.0323715577921
"Computer brand","2020-07-22",202.33690472099053
"Computer brand","2020-07-23",203.21322197985253
"Computer brand","2020-07-24",203.5895682778852
"Computer brand","2020-07-25",202.97017422740967
"Computer brand","2020-07-26",204.39929864097627
"Computer brand","2020-07-27",203.47941151065316
"Computer brand","2020-07-28",201.5325362394528
"Computer brand","2020-07-29",203.15332910899144
"Computer brand","2020-07-30",203.2688308217469
"Computer brand","2020-07-31",203.52763814962972
"Computer brand","2020-08-01",202.16933107399558
"Computer brand","2020-08-02",201.5743745777995
"Computer brand","2020-08-03",202.73885852333103
"Computer brand","2020-08-04",202.97839367552598
"Computer brand","2020-08-05",201.6611075412721
"Computer brand","2020-08-06",200.69319920307964
"Computer brand","2020-08-07",201.6410467762407
"Computer brand","2020-08-08",200.59721929550946
"Computer brand","2020-08-09",201.7493959767238
"Computer brand","2020-08-10",202.93013072700197
"Computer brand","2020-08-11",201.56910927453458
"Computer brand","2020-08-12",202.91895172857483
"Computer brand","2020-08-13",202.63032003446833
"Computer brand","2020-08-14",204.6033627292528
"Computer brand","2020-08-15",205.6374662380139
"Computer brand","2020-08-16",204.26156870094866
"Computer brand","2020-08-17",206.45172111574115
"Computer brand","2020-08-18",206.5840239955436
"Computer brand","2020-08-19",206.45448536309064
"Computer brand","2020-08-20",204.1829557064997
"Computer brand","2020-08-21",204.6574383845449
"Computer brand","2020-08-22",205.8724996034488
"Computer brand","2020-08-23",206.42206618820893
"Computer brand","2020-08-24",206.78188360690572
"Computer brand","2020-08-25",207.67392130926785
"Computer brand","2020-08-26",209.42084899105078
"Computer brand","2020-08-27",209.672293870522
"Computer brand","2020-08-28",209.07194859722077
"Computer brand","2020-08-29",209.65273368951938
"Computer brand","2020-08-30",210.14142788032837
"Computer brand","2020-08-31",211.35806907927446
"Computer brand","2020-09-01",211.44412493917642
"Computer brand","2020-09-02",210.80981628345884
"Computer brand","2020-09-03",210.12436170710555
"Computer brand","2020-09-04",210.03306950505564
"Computer brand","2020-09-05",210.17723454958605
"Computer brand","2020-09-06",211.65732453030552
"Computer brand","2020-09-07",210.44636972513322
"Computer brand","2020-09-08",211.40351293497955
"Computer brand","2020-09-09",213.29358821409193
"Computer brand","2020-09-10",212.97497885103587
"Computer brand","2020-09-11",214.74496797116333
"Computer brand","2020-09-12",213.51928296654725
"Computer brand","2020-09-13",211.7739733933232
"Computer brand","2020-09-14",212.61297563439908
"Computer brand","2020-09-15",213.22939687841608
"Computer brand","2020-09-16",215.93112101464135
"Computer brand","2020-09-17",216.2456102318981
"Computer brand","2020-09-18",216.58873213829978
"Computer brand","2020-09-19",217.2768762388132
"Computer brand","2020-09-20",219.3915208939723
"Computer brand","2020-09-21",218.4288105250105
"Computer brand","2020-09-22",219.2639932300167
"Computer brand","2020-09-23",218.9738021218932
"Computer brand","2020-09-24",218.08466098667915
"Computer brand","2020-09-25",218.65444636848656
"Computer brand","2020-09-26",218.42349111830455
"Computer brand","2020-09-27",219.0494338576976
"Computer brand","2020-09-28",219.1039636750537
"Computer brand","2020-09-29",217.3827248634039
"Computer brand","2020-09-30",216.33877603547654
"Computer brand","2020-10-01",215.0632224037668
"Computer brand","2020-10-02",214.32408616157414
"Computer brand","2020-10-03",216.3078666867595
"Computer brand","2020-10-04",216.0613135566971
"Computer brand","2020-10-05",216.97023961251696
"Computer brand","2020-10-06",216.73142305131543
"Computer brand","2020-10-07",215.76982674596053
"Computer brand","2020-10-08",216.08916015083545
"Computer brand","2020-10-09",215.8875894315331
"Computer brand","2020-10-10",214.46639187253672
"Computer brand","2020-10-11",215.09282994328902
"Computer brand","2020-10-12",214.5230202029184
"Computer brand","2020-10-13",214.3288715865006
"Computer brand","2020-10-14",213.241559732119
"Computer brand","2020-10-15",214.4891104629113
"Computer brand","2020-10-16",215.24378131451957
"Computer brand","2020-10-17",215.5358664269614
"Computer brand","2020-10-18",216.33990085006045
"Computer brand","2020-10-19",215.64074288347254
"Computer brand","2020-10-20",216.83670051253407
"Computer brand","2020-10-21",217.1018509284054
"Computer brand","2020-10-22",218.0944504443534
"Computer brand","2020-10-23",218.57871240892533
"Computer brand","2020-10-24",219.63819187962807
"Computer brand","2020-10-25",219.3347260101134
"Computer brand","2020-10-26",219.92139499907083
"Computer brand","2020-10-27",220.12160537157743
"Computer brand","2020-10-28",221.0249021381063
"Computer brand","2020-10-29",221.41600856836385
"Computer brand","2020-10-30",220.4285908790131
"Computer brand","2020-10-31",221.37895475621875
"Computer brand","2020-11-01",221.07259273503706
"Computer brand","2020-11-02",221.92422671038423
"Computer brand","2020-11-03",220.75836946877993
"Computer brand","2020-11-04",219.71793681230992
"Computer brand","2020-11-05",221.03386442355384
"Computer brand","2020-11-06",219.37851191995787
"Computer brand","2020-11-07",218.69565329610703
"Computer brand","2020-11-08",220.80146506708056
"Computer brand","2020-11-09",218.28953650268053
"Computer brand","2020-11-10",221.97063562655936
"Computer brand","2020-11-11",220.744014753152
"Computer brand","2020-11-12",220.04218394328365
"Computer brand","2020-11-13",218.67770683076964
"Computer brand","2020-11-14",218.41021475444765
"Computer brand","2020-11-15",218.57846535453714
"Computer brand","2020-11-16",218.88520530170618
"Computer brand","2020-11-17",219.0167309263219
"Computer brand","2020-11-18",217.84150381243944
"Computer brand","2020-11-19",216.1444522550781
"Computer brand","2020-11-20",217.45391916986128
"Computer brand","2020-11-21",219.20978040225566
"Computer brand","2020-11-22",219.41812777501565
"Computer brand","2020-11-23",218.93829330280752
"Computer brand","2020-11-24",217.57080704852683
"Computer brand","2020-11-25",218.53399414982837
"Computer brand","2020-11-26",217.14216652318427
"Computer brand","2020-11-27",218.74268269022193
"Computer brand","2020-11-28",218.73987311615087
"Computer brand","2020-11-29",218.91541579284964
"Computer brand","2020-11-30",219.17905804521382
"Computer brand","2020-12-01",220.23529421731612
"Computer brand","2020-12-02",222.52588882489516
"Computer brand","2020-12-03",223.06049796970564
"Computer brand","2020-12-04",223.17023057484823
"Computer brand","2020-12-05",222.27505657380166
"Computer brand","2020-12-06",219.48016329614
"Computer brand","2020-12-07",221.02267305688602
"Computer brand","2020-12-08",219.43825528829558
"Computer brand","2020-12-09",219.60721875044874
"Computer brand","2020-12-10",218.62494597953423
"Computer brand","2020-12-11",217.6980856653977
"Computer brand","2020-12-12",216.69177662322483
"Computer brand","2020-12-13",215.9078554371756
"Computer brand","2020-12-14",215.68487344866008
"Computer brand","2020-12-15",216.82641529216545
"Computer brand","2020-12-16",216.4137065445134
"Computer brand","2020-12-17",214.98806080050457
"Computer brand","2020-12-18",215.41487559237237
"Computer brand","2020-12-19",214.62706638046583
"Computer brand","2020-12-20",214.07368484627926
"Computer brand","2020-12-21",214.5297609820542
"Computer brand","2020-12-22",213.55629805380758
"Computer brand","2020-12-23",212.04423340868544
"Computer brand","2020-12-24",212.4518678466147
"Computer brand","2020-12-25",211.487607894215
"Computer brand","2020-12-26",210.6010640148965
"Computer brand","2020-12-27",210.49603909113725
"Computer brand","2020-12-28",211.52859142422164
"Computer brand","2020-12-29",214.12449793506218
"Computer brand","2020-12-30",214.66724811041496
"Computer brand","2020-12-31",214.80491389605245
"Computer brand","2021-01-01",212.75098747105054
"Computer brand","2021-01-02",215.17311620630292
"Computer brand","2021-01-03",216.58896707284907
"Computer brand","2021-01-04",215.3182866578307
"Computer brand","2021-01-05",215.09183099507868
"Computer brand","2021-01-06",215.95678978983258
"Computer brand","2021-01-07",215.43405222217166
"Computer brand","2021-01-08",213.86276863918036
"Computer brand","2021-01-09",214.40752637235656
"Computer brand","2021-01-10",214.04032282600025
"Computer brand","2021-01-11",215.67096071630445
"Computer brand","2021-01-12",213.5868965863735
"Computer brand","2021-01-13",214.7131319130475
"Computer brand","2021-01-14",215.87483773370087
"Computer brand","2021-01-15",214.6174827501891
"Computer brand","2021-01-16",214.43509043091717
"Computer brand","2021-01-17",213.69673278192718
"Computer brand","2021-01-18",212.50897730883074
"Computer brand","2021-01-19",210.49338792696645
"Computer brand","2021-01-20",211.75733748335318
"Computer brand","2021-01-21",212.41964156046606
"Computer brand","2021-01-22",212.52801761306813
"Computer brand","2021-01-23",211.09828507261767
"Computer brand","2021-01-24",212.59958473282947
"Computer brand","2021-01-25",213.98417147651955
"Computer brand","2021-01-26",214.51883430385476
"Computer brand","2021-01-27",214.80842367754164
"Computer brand","2021-01-28",214.09888087555547
"Computer brand","2021-01-29",212.7284168439266
"Computer brand","2021-01-30",213.61077122111666
"Computer brand","2021-01-31",213.75605093695137
"Computer brand","2021-02-01",213.721598261124
"Computer brand","2021-02-02",213.14559262666666
"Computer brand","2021-02-03",213.44620598576293
"Computer brand","2021-02-04",214.52865505399132
"Computer brand","2021-02-05",214.1161064387078
"Computer brand","2021-02-06",212.85026622164668
"Computer brand","2021-02-07",212.2187990488522
"Computer brand","2021-02-08",210.81292992706489
"Computer brand","2021-02-09",210.17652037279342
"Computer brand","2021-02-10",213.42150393408147
"Computer brand","2021-02-11",214.3222724893728
"Computer brand","2021-02-12",213.8043581862731
"Computer brand","2021-02-13",214.73340596922236
"Computer brand","2021-02-14",215.2676344365478
"Computer brand","2021-02-15",215.25365316491514
"Computer brand","2021-02-16",217.21597081592023
"Computer brand","2021-02-17",217.3124830099037
"Computer brand","2021-02-18",218.00832339821494
"Computer brand","2021-02-19",218.74179453922522
"Computer brand","2021-02-20",219.4550961983782
"Computer brand","2021-02-21",219.43245472211493
"Computer brand","2021-02-22",219.36500114258303
"Computer brand","2021-02-23",220.2573687506712
"Computer brand","2021-02-24",219.14983380789883
"Computer brand","2021-02-25",218.46312972090044
"Computer brand","2021-02-26",219.68768885512324
"Computer brand","2021-02-27",218.39501109528643
"Computer brand","2021-02-28",217.77008489213165
"Computer brand","2021-03-01",219.42202779218871
"Computer brand","2021-03-02",219.09178068619443
"Computer brand","2021-03-03",217.5587725832108
"Computer brand","2021-03-04",218.29680111625507
"Computer brand","2021-03-05",218.13806884309074
"Computer brand","2021-03-06",216.89199415354554
"Computer brand","2021-03-07",216.07386882011676
"Computer brand","2021-03-08",214.56725795716505
"Computer brand","2021-03-09",215.78600067628471
"Computer brand","2021-03-10",216.85125271566415
"Computer brand","2021-03-11",215.59866124750727
"Computer brand","2021-03-12",213.8946880783085
"Computer brand","2021-03-13",213.2360119082254
"Computer brand","2021-03-14",212.65202483818507
"Computer brand","2021-03-15",212.68307221079039
"Computer brand","2021-03-16",214.6630944979928
"Computer brand","2021-03-17",214.52848677363676
"Computer brand","2021-03-18",213.90663663729103
"Computer brand","2021-03-19",214.09133791931026
"Computer brand","2021-03-20",214.43889717235265
"Computer brand","2021-03-21",213.91688593437019
"Computer brand","2021-03-22",212.76787739978755
"Computer brand","2021-03-23",212.55062886135963
"Computer brand","2021-03-24",210.33955935845074
"Computer brand","2021-03-25",210.0196072264473
"Computer brand","2021-03-26",210.60980833389246
"Computer brand","2021-03-27",211.22401153094643
"Computer brand","2021-03-28",213.01083783421393
"Computer brand","2021-03-29",213.63557953392177
"Computer brand","2021-03-30",215.8304282585895
"Computer brand","2021-03-31",218.9630157085389
"Computer brand","2021-04-01",218.41588947349246
"Computer brand","2021-04-02",220.43196953342894
"Computer brand","2021-04-03",217.58586087032543
"Computer brand","2021-04-04",219.50116187360473
"Computer brand","2021-04-05",219.7093260878262
"Computer brand","2021-04-06",219.9251888611251
"Computer brand","2021-04-07",218.01532051390495
"Computer brand","2021-04-08",216.14097292690766
"Computer brand","2021-04-09",216.7592724616788
"Computer brand","2021-04-10",216.17994111669836
"Computer brand","2021-04-11",214.9926855136373
"Computer brand","2021-04-12",215.16254243997824
"Computer brand","2021-04-13",215.05522366129503
"Computer brand","2021-04-14",214.34413968350262
"Computer brand","2021-04-15",215.46406330172655
"Computer brand","2021-04-16",217.1369955629226
"Computer brand","2021-04-17",219.3526099941454
"Computer brand","2021-04-18",220.13986059770627
"Computer brand","2021-04-19",219.86553833606376
"Computer brand","2021-04-20",220.89382694656007
"Computer brand","2021-04-21",219.43380518024733
"Computer brand","2021-04-22",219.1179358221112
"Computer brand","2021-04-23",219.40582226456755
"Computer brand","2021-04-24",217.75979593075766
"Computer brand","2021-04-25",220.00553616168574
"Computer brand","2021-04-26",222.0182422772512
"Computer brand","2021-04-27",224.40138854124754
"Computer brand","2021-04-28",225.0683117689146
"Computer brand","2021-04-29",225.4279883432305
"Computer brand","2021-04-30",225.4118723079393
"Computer brand","2021-05-01",226.34368868927058
"Computer brand","2021-05-02",225.7000255205269
"Computer brand","2021-05-03",224.46293836250734
"Computer brand","2021-05-04",223.75511506106054
"Computer brand","2021-05-05",223.79088913068742
"Computer brand","2021-05-06",224.37018746314996
"Computer brand","2021-05-07",224.35184153708607
"Computer brand","2021-05-08",223.93697989485233
"Computer brand","2021-05-09",223.13037866808247
"Computer brand","2021-05-10",223.8326406973966
"Computer brand","2021-05-11",225.01712868603002
"Computer brand","2021-05-12",224.55713853676437
"Computer brand","2021-05-13",224.87767321959777
"Computer brand","2021-05-14",227.4023323735146
"Computer brand","2021-05-15",229.07360525689822
"Computer brand","2021-05-16",229.762391572382
"Computer brand","2021-05-17",230.34096321450062
"Computer brand","2021-05-18",231.49656552866583
"Computer brand","2021-05-19",232.15462460097382
"Computer brand","2021-05-20",232.39925108026773
"Computer brand","2021-05-21",232.05723476995507
"Computer brand","2021-05-22",232.7450016123575
"Computer brand","2021-05-23",232.22752114183263
"Computer brand","2021-05-24",232.85649535597832
"Computer brand","2021-05-25",234.18891926600946
"Computer brand","2021-05-26",234.6237553131926
"Computer brand","2021-05-27",235.154120737965
"Computer brand","2021-05-28",234.75073902657292
"Computer brand","2021-05-29",236.10294118386793
"Computer brand","2021-05-30",234.18244111743348
"Computer brand","2021-05-31",233.77174552834683
"Computer brand","2021-06-01",234.46227709893944
"Computer brand","2021-06-02",235.2448117371681
"Computer brand","2021-06-03",236.3775109258647
"Computer brand","2021-06-04",237.28989890494674
"Computer brand","2021-06-05",237.093901743541
"Computer brand","2021-06-06",236.07947276821204
"Computer brand","2021-06-07",237.5878366498005
"Computer brand","2021-06-08",237.69116229119777
"Computer brand","2021-06-09",236.96221645293218
"Computer brand","2021-06-10",239.37929390864474
"Computer brand","2021-06-11",240.48935174083263
"Computer brand","2021-06-12",239.26437271889012
"Computer brand","2021-06-13",239.93468095495223
"Computer brand","2021-06-14",241.1471060351252
"Computer brand","2021-06-15",242.4245810237936
"Computer brand","2021-06-16",241.66072350451694
"Computer brand","2021-06-17",239.73797410893505
"Computer brand","2021-06-18",240.55807324786335
"Computer brand","2021-06-19",239.8239598143423
"Computer brand","2021-06-20",239.29327343598064
"Computer brand","2021-06-21",238.75485594346603
"Computer brand","2021-06-22",239.10467115470314
"Computer brand","2021-06-23",238.19613607160827
"Computer brand","2021-06-24",236.67115355668227
"Computer brand","2021-06-25",236.37319599697602
"Computer brand","2021-06-26",234.71929788164817
"Computer brand","2021-06-27",235.8937398284185
"Computer brand","2021-06-28",236.32341983170522
"Computer brand","2021-06-29",237.64239617306393
"Computer brand","2021-06-30",240.67083679177642
"Computer brand","2021-07-01",239.16579859671634
"Computer brand","2021-07-02",238.46055037350123
"Computer brand","2021-07-03",236.6624438148257
"Computer brand","2021-07-04",236.30740384238877
"Computer brand","2021-07-05",237.0631681358023
"Computer brand","2021-07-06",235.79934367222612
"Computer brand","2021-07-07",237.73422188718914
"Computer brand","2021-07-08",237.8216052317029
"Computer brand","2021-07-09",240.25231491374518
"Computer brand","2021-07-10",240.88290061185506
"Computer brand","2021-07-11",242.20492766357108
"Computer brand","2021-07-12",242.53221998226874
"Computer brand","2021-07-13",243.42487276698643
"Computer brand","2021-07-14",241.75139401736502
"Computer brand","2021-07-15",242.2990453328168
"Computer brand","2021-07-16",243.48360196271489
"Computer brand","2021-07-17",243.4341103006664
"Computer brand","2021-07-18",242.7816174285085
"Computer brand","2021-07-19",244.79511252468834
"Computer brand","2021-07-20",247.11763029279518
"Computer brand","2021-07-21",246.98890963823033
"Computer brand","2021-07-22",247.45920892655752
"Computer brand","2021-07-23",246.8337901814216
"Computer brand","2021-07-24",248.23862189416127
"Computer brand","2021-07-25",248.16006913679547
"Computer brand","2021-07-26",247.68341886170228
"Computer brand","2021-07-27",247.9609419213184
"Computer brand","2021-07-28",248.5107813663785
"Computer brand","2021-07-29",247.2014325784522
"Computer brand","2021-07-30",245.63008268346556
"Computer brand","2021-07-31",246.06594031611328
"Computer brand","2021-08-01",245.92984757394913
"Computer brand","2021-08-02",244.30771926930248
"Computer brand","2021-08-03",243.6829136570276
"Computer brand","2021-08-04",245.72338254021253
"Computer brand","2021-08-05",244.869778643458
"Computer brand","2021-08-06",246.74046556559497
"Computer brand","2021-08-07",246.01886615976264
"Computer brand","2021-08-08",246.08937899350894
"Computer brand","2021-08-09",244.27280709763141
"Computer brand","2021-08-10",245.09251516580474
"Computer brand","2021-08-11",244.04498926275733
"Computer brand","2021-08-12",245.15510545701216
"Computer brand","2021-08-13",243.5668416093234
"Computer brand","2021-08-14",240.67743761903475
"Computer brand","2021-08-15",239.54180496549793
"Computer brand","2021-08-16",240.05936243534336
"Computer brand","2021-08-17",241.89841175339947
"Computer brand","2021-08-18",242.25489970207877
"Computer brand","2021-08-19",242.4457209646641
"Computer brand","2021-08-20",240.91079876734173
"Computer brand","2021-08-21",239.87089962532187
"Computer brand","2021-08-22",239.82172308806395
"Computer brand","2021-08-23",240.54326955410818
"Computer brand","2021-08-24",239.98994751555685
"Computer brand","2021-08-25",240.65925995863756
"Computer brand","2021-08-26",238.95601856913342
"Computer brand","2021-08-27",238.1167148784076
"Computer brand","2021-08-28",240.26044645937094
"Computer brand","2021-08-29",240.38092360535063
"Computer brand","2021-08-30",242.05827320632466
"Computer brand","2021-08-31",242.24841624957844
"Computer brand","2021-09-01",242.76358494966033
"Computer brand","2021-09-02",242.45235444234942
"Computer brand","2021-09-03",241.2564915206731
"Computer brand","2021-09-04",240.733188718631
"Computer brand","2021-09-05",239.8210262231069
"Computer brand","2021-09-06",240.214170955205
"Computer brand","2021-09-07",239.36435714185998
"Computer brand","2021-09-08",240.65848887101524
"Computer brand","2021-09-09",240.86895405628232
"Computer brand","2021-09-10",242.19443547337576
"Computer brand","2021-09-11",243.16040079742433
"Computer brand","2021-09-12",240.52789882552494
"Computer brand","2021-09-13",240.00766995927412
"Computer brand","2021-09-14",240.56253560700063
"Computer brand","2021-09-15",238.30091425983758
"Computer brand","2021-09-16",238.32487588513348
"Computer brand","2021-09-17",240.59639402617054
"Computer brand","2021-09-18",240.68442164943463
"Computer brand","2021-09-19",240.6112091860622
"Computer brand","2021-09-20",241.39522189193588
"Computer brand","2021-09-21",242.37311500820257
"Computer brand","2021-09-22",241.76871313752386
"Computer brand","2021-09-23",240.42149677358708
"Computer brand","2021-09-24",244.3192374610192
"Computer brand","2021-09-25",244.58922871731528
"Computer brand","2021-09-26",243.07106111839522
"Computer brand","2021-09-27",245.6768835538095
"Computer brand","2021-09-28",245.3421565261147
"Computer brand","2021-09-29",246.56241762079503
"Computer brand","2021-09-30",246.14120681430373
"Computer brand","2021-10-01",246.94524328127727
